Name,Mean,MeanLB,MeanUB,Stddev,StddevLB,StddevUB
ffi,3.822188865563076e-5,3.8217725897184847e-5,3.8230619464383236e-5,2.004111134268373e-8,1.0449697686996104e-8,3.7728782665368113e-8
pure,1.9446827794615822e-4,1.9446189639687762e-4,1.944771800282741e-4,2.518599295077348e-8,1.871271568902549e-8,3.305750281571317e-8
