Name,Mean,MeanLB,MeanUB,Stddev,StddevLB,StddevUB
twitter/aeson,2.7393626651109847e-4,2.73920681016548e-4,2.739663138111588e-4,7.07049620599419e-8,4.18353232134091e-8,1.2591509798148657e-7
twitter/buffer-builder,3.2430988139903183e-4,3.240603576928516e-4,3.2458055347211535e-4,9.107413606304723e-7,7.964699274308972e-7,1.0437466414117816e-6
twitter/json-builder,1.1145552762339688e-3,1.1137139531657715e-3,1.1154266914843735e-3,3.0343672520364787e-6,2.578220419840602e-6,3.661741467599279e-6
json-bench/aeson,1.0450139688948585e-3,1.0449089282995193e-3,1.0451317884561614e-3,3.657730606650099e-7,3.085451122521485e-7,4.4648534654417693e-7
json-bench/buffer-builder,6.597458724868481e-4,6.59213779946905e-4,6.602580742208686e-4,1.7383449854882063e-6,1.5063438929216498e-6,2.03628768694743e-6
json-bench/json-builder,2.8157234502118778e-3,2.8133097939208877e-3,2.818272685013804e-3,7.908184721511443e-6,6.122715021842433e-6,1.1064548146073856e-5
