Name,Mean,MeanLB,MeanUB,Stddev,StddevLB,StddevUB
string/text,3.3481255999280947e-7,3.345276123769509e-7,3.3508086934816155e-7,9.20949382349936e-10,8.130423586154245e-10,1.0327705253846856e-9
string/string direct,6.315317433971706e-7,6.314967362539407e-7,6.315626927939858e-7,1.1938870332176648e-10,9.469750816498242e-11,1.53376778863734e-10
string/string via text,8.709901406681786e-7,8.708944281221243e-7,8.710932785690041e-7,3.3399177477346894e-10,2.7978015863863254e-10,4.214605644272856e-10
