Name,Mean,MeanLB,MeanUB,Stddev,StddevLB,StddevUB
twitter/aeson,2.6850442955341386e-4,2.684948014357767e-4,2.6851823297706427e-4,3.919487032531844e-8,2.906892898608229e-8,5.374656986934047e-8
twitter/buffer-builder,3.2700162333016607e-4,3.266504139051286e-4,3.273666951946095e-4,1.1715189822368247e-6,1.0265516864021913e-6,1.3373712917436088e-6
twitter/json-builder,1.1508487473582513e-3,1.1499053759465602e-3,1.1517728386258416e-3,3.205509752084587e-6,2.7314196600526397e-6,3.890533932563621e-6
json-bench/aeson,1.081822070507382e-3,1.0816629989252651e-3,1.0820573610116973e-3,6.260961175526092e-7,5.07926329308725e-7,9.549300959662261e-7
json-bench/buffer-builder,6.567411006912372e-4,6.561806604276331e-4,6.572273239680293e-4,1.7922826697457317e-6,1.586486229991163e-6,2.049030578458375e-6
json-bench/json-builder,2.8628480587069563e-3,2.8600128176496644e-3,2.8658224576909577e-3,9.76310839241244e-6,7.288377915159063e-6,1.3291653444724002e-5
