Name,Mean,MeanLB,MeanUB,Stddev,StddevLB,StddevUB
listRank,8.365391012576133e-3,8.350558665769432e-3,8.38920495631066e-3,5.6556340244455425e-5,3.5379303638016736e-5,9.273166234824583e-5
rootfix,3.4951714363554777e-4,3.490615213324115e-4,3.500398406043426e-4,1.602584936381808e-6,1.3247555488172327e-6,1.9952948780788546e-6
leaffix,3.373576616937943e-4,3.35148647307065e-4,3.438081726663663e-4,1.1280937979997825e-5,4.659308686383963e-6,2.1758256786071875e-5
awshcc,3.360215916503124e-2,3.3369439908368756e-2,3.438660220948036e-2,8.191795617898565e-4,1.5580839383492388e-4,1.548324045640248e-3
hybcc,2.386914168634852e-3,2.3743341995440654e-3,2.3990670663680347e-3,4.0872645851671756e-5,3.4414543697707325e-5,4.9375494925277194e-5
quickhull,1.4553579274388735e-3,1.4534387477761813e-3,1.4586864838589688e-3,8.232057064453984e-6,5.64613526147045e-6,1.3170757206524014e-5
spectral,1.4804060589350564e-4,1.4788194075867196e-4,1.4823833010903567e-4,6.020833897044958e-7,4.863365743607716e-7,7.794574682774713e-7
tridiag,5.123083217398828e-3,5.112269196848266e-3,5.143294779695179e-3,4.551816478524866e-5,3.0503796108976616e-5,7.17254974474738e-5
