Name,Mean,MeanLB,MeanUB,Stddev,StddevLB,StddevUB
listRank,8.358980905708554e-3,8.345156479800258e-3,8.374632398814402e-3,4.0973678571003e-5,3.4188167092475224e-5,5.067768107617959e-5
rootfix,3.535736873819607e-4,3.531570786378862e-4,3.5427032673041584e-4,1.7514170311680432e-6,1.3221380924047908e-6,2.6799673218736324e-6
leaffix,3.5820138335981025e-4,3.5764104463506763e-4,3.587891818609943e-4,1.946010083305987e-6,1.6386278724624636e-6,2.2914374265014658e-6
awshcc,3.349797624116192e-2,3.326512091495312e-2,3.4388798458459685e-2,8.782115764213028e-4,6.770905833987958e-5,1.6919639799789683e-3
hybcc,2.3921411629561043e-3,2.379983711796966e-3,2.4055635658397213e-3,4.478387794394477e-5,3.804508163282758e-5,5.3835589951718325e-5
quickhull,1.451734289796424e-3,1.450758540567973e-3,1.454037067957939e-3,4.619169039407264e-6,2.4362157693053236e-6,9.00351309526094e-6
spectral,1.4928903167260932e-4,1.4827867272071554e-4,1.5285302247908285e-4,5.527226892481705e-6,3.1516674851533015e-6,1.0626465752712595e-5
tridiag,5.141620729208162e-3,5.1319247491953745e-3,5.150026789989569e-3,2.8480804110619675e-5,2.1601020359224742e-5,3.991437200321548e-5
