Name,Mean,MeanLB,MeanUB,Stddev,StddevLB,StddevUB
listRank,8.312989605672547e-3,8.299039525259493e-3,8.344751679986776e-3,5.313375569456157e-5,3.635478695733555e-5,8.530845654279538e-5
rootfix,3.5022011252032736e-4,3.4960924958973757e-4,3.5118549165205593e-4,2.709267218933687e-6,1.7485382550747744e-6,4.262523896298313e-6
leaffix,3.4184086719749566e-4,3.41125406649157e-4,3.4314267749846917e-4,3.0292506767147757e-6,1.971548334800366e-6,4.570145651948924e-6
awshcc,3.338785178515575e-2,3.314963710946734e-2,3.429501988521944e-2,8.518982077431815e-4,1.2738167269418744e-4,1.6233839520634883e-3
hybcc,2.371650406253201e-3,2.3601196953116936e-3,2.3856806380849636e-3,4.2042182048675344e-5,3.463981852155815e-5,5.2217624926395976e-5
quickhull,1.4530250245206899e-3,1.4516371948773254e-3,1.455271372943201e-3,5.721001657434923e-6,3.826760494249723e-6,9.927238807365365e-6
spectral,1.4840557333821563e-4,1.4815054249246062e-4,1.4909531464730734e-4,1.2985971320397825e-6,5.577326072441843e-7,2.4616667187875893e-6
tridiag,5.1448209211013285e-3,5.129378376509654e-3,5.18150227565575e-3,6.628183275933226e-5,2.463292403830089e-5,1.382283544419067e-4
