Name,Mean,MeanLB,MeanUB,Stddev,StddevLB,StddevUB
listRank,8.491759369046456e-3,8.474487276730228e-3,8.529228172968337e-3,6.646917473801638e-5,3.9656343450603895e-5,1.1436964617546274e-4
rootfix,3.3584542227483525e-4,3.353327696276665e-4,3.365153628655634e-4,1.9603828540248843e-6,1.4336776244417517e-6,2.7185747859685725e-6
leaffix,3.506986331928411e-4,3.500426856364036e-4,3.51374471268233e-4,2.1140207007700814e-6,1.767814238472126e-6,2.483439370209973e-6
awshcc,3.1173252745283108e-2,3.0955226989671222e-2,3.2175840968183184e-2,8.216246360442365e-4,9.904457620671316e-5,1.6321110286368385e-3
hybcc,2.2973432513454786e-3,2.286007731069874e-3,2.31087374905475e-3,4.3147472787119945e-5,3.5589484440871526e-5,5.310622692294055e-5
quickhull,1.4580679121584798e-3,1.4563876698370517e-3,1.4605062859736862e-3,6.659779537381275e-6,4.5721475865167564e-6,9.286532361569086e-6
spectral,1.6017597888690632e-4,1.5998046596334392e-4,1.6054047498740954e-4,8.547383643506156e-7,4.769830419523122e-7,1.5577943898676654e-6
tridiag,5.1952836242422215e-3,5.176759656440033e-3,5.226565168849745e-3,6.823770960781742e-5,4.137125354564593e-5,9.877669606545189e-5
