Name,Mean,MeanLB,MeanUB,Stddev,StddevLB,StddevUB
listRank,8.437436805476222e-3,8.43240447992305e-3,8.444078166300863e-3,1.587572293702825e-5,1.2165723155896548e-5,2.1295733714618428e-5
rootfix,3.646010459115722e-4,3.632667307134487e-4,3.6606883400828517e-4,4.798666740159599e-6,4.1425875994285965e-6,5.537445623547015e-6
leaffix,3.736260277518711e-4,3.7294443623672193e-4,3.741851130566447e-4,2.127140277653913e-6,1.7797389040242431e-6,2.5443538350965847e-6
awshcc,3.059678450992079e-2,3.0389792184672415e-2,3.140906114156128e-2,8.261722782998661e-4,5.971320289529039e-5,1.5868014628694213e-3
hybcc,2.1247514920481004e-3,2.1153038466580737e-3,2.135838775448617e-3,3.4828360870103696e-5,2.8110449222171153e-5,4.512175387459208e-5
quickhull,1.25246882412193e-3,1.2496517547713195e-3,1.2560314132129874e-3,1.0645703872116981e-5,8.550752387044873e-6,1.2634570717551294e-5
spectral,3.1135091916240944e-4,3.113119707453302e-4,3.1140587124225196e-4,1.5588758368460495e-7,1.1056951930440712e-7,2.3117052400954036e-7
tridiag,4.914650409551312e-3,4.910598361933467e-3,4.91909405300934e-3,1.2380860444906184e-5,1.0683212831533682e-5,1.4524612361833884e-5
