Name,Mean,MeanLB,MeanUB,Stddev,StddevLB,StddevUB
listRank,8.4649881412605e-3,8.461914295494056e-3,8.4687386492298e-3,9.750606263057982e-6,7.984506727550894e-6,1.3016884799609826e-5
rootfix,3.56023911746029e-4,3.557417834213476e-4,3.565074672337269e-4,1.2032630184475568e-6,5.078680800730858e-7,2.0058994440202185e-6
leaffix,3.7404213378740167e-4,3.7301771853006716e-4,3.757932563724317e-4,4.556677590670813e-6,3.33484144948637e-6,6.355524041859558e-6
awshcc,3.039830571040094e-2,3.0205637088738965e-2,3.1160290007271562e-2,7.681165002023817e-4,4.5742943509472574e-5,1.5011407435231497e-3
hybcc,2.09512090019493e-3,2.084875446644929e-3,2.1061733243918374e-3,3.7218012373181454e-5,3.0467795718095535e-5,4.459333965007822e-5
quickhull,1.2419149928035167e-3,1.241111650690628e-3,1.2427520104600033e-3,2.7761143836729594e-6,2.1527399878981497e-6,3.7044362990967554e-6
spectral,3.11318106915792e-4,3.112814368679058e-4,3.114166297773941e-4,1.9378934021767845e-7,1.1891115227869964e-7,3.25139170478286e-7
tridiag,4.873947918511734e-3,4.8693478807952184e-3,4.881115940486358e-3,1.7377322533525956e-5,1.1466686362719457e-5,2.866798760794805e-5
