Name,Mean,MeanLB,MeanUB,Stddev,StddevLB,StddevUB
listRank,7.874705999153336e-3,7.872415676591488e-3,7.877901937643405e-3,7.74520785732718e-6,5.502831031811158e-6,1.1155311079187094e-5
rootfix,3.634254402731841e-4,3.629878508619463e-4,3.637859814864127e-4,1.3443443707772285e-6,1.1343016920040118e-6,1.7398870334706068e-6
leaffix,3.7193633655341227e-4,3.7131404768109424e-4,3.7235510534351266e-4,1.682024604889797e-6,1.1378627885186392e-6,2.2296989789267717e-6
awshcc,2.8976287512377113e-2,2.8768286914589516e-2,2.9789017700534035e-2,8.597369750577375e-4,4.122320307210455e-5,1.6796690002423757e-3
hybcc,2.049002452833528e-3,2.0371308548913026e-3,2.063541409682617e-3,4.458618225155624e-5,3.6999505091367266e-5,5.431991173452129e-5
quickhull,1.249487445598202e-3,1.2492306108886555e-3,1.2497204803986275e-3,8.092106677757754e-7,6.675462212909562e-7,1.039216654486783e-6
spectral,3.151496211503029e-4,3.150503250522038e-4,3.1532909154273475e-4,4.1489753244692427e-7,2.6496201004608817e-7,5.895388566807292e-7
tridiag,4.9935724611789535e-3,4.985387466436642e-3,5.002871760106977e-3,2.6761000247782114e-5,2.0561207679106492e-5,3.700260520835872e-5
