Name,Mean,MeanLB,MeanUB,Stddev,StddevLB,StddevUB
listRank,8.397226741520904e-3,8.39444889086889e-3,8.404777614858151e-3,1.2462575150127288e-5,5.857676065942257e-6,2.3674714958097226e-5
rootfix,3.5363109677658954e-4,3.535429266924064e-4,3.539598572934778e-4,4.779710566896129e-7,1.7132879260065128e-7,1.0256257071359257e-6
leaffix,3.7198990020978186e-4,3.711986125858656e-4,3.7291472499693425e-4,2.7733707660584567e-6,2.253664240687092e-6,3.4100946887673326e-6
awshcc,3.020533051267676e-2,3.000352831063253e-2,3.0987116512157145e-2,8.03746426526426e-4,3.022367607843988e-5,1.5528339282515125e-3
hybcc,2.1016594187707564e-3,2.093660534604769e-3,2.1095034101969953e-3,2.648891867326144e-5,2.108564389768116e-5,3.434589089299175e-5
quickhull,1.2375289524249743e-3,1.236461335000188e-3,1.2405389612194485e-3,5.465011110769382e-6,9.016357209096964e-7,1.0515237243254728e-5
spectral,3.112487810332774e-4,3.112355929243372e-4,3.112691042633634e-4,5.317685386503111e-8,3.8517074313598415e-8,8.046295916868744e-8
tridiag,4.916381853537261e-3,4.911172489547968e-3,4.922077621304877e-3,1.6798265354419635e-5,1.2802769407507182e-5,2.248559941604624e-5
