Name,Mean,MeanLB,MeanUB,Stddev,StddevLB,StddevUB
decode/UTCTime/whole,2.65637012955746e-5,2.6558056693928854e-5,2.656916049240071e-5,1.903491789426783e-8,1.605139627639052e-8,2.1989292724751184e-8
decode/UTCTime/fractional,2.8060253071481725e-5,2.805704451652178e-5,2.8063818066153713e-5,1.0866481307963093e-8,9.008120099990718e-9,1.320092802437956e-8
decode/ZonedTime/whole,2.0179878065767835e-5,2.0176630481676678e-5,2.0183904078936263e-5,1.2030576155040964e-8,8.901640769067539e-9,1.8407810793702182e-8
decode/ZonedTime/fractional,2.11845498468155e-5,2.1180654329342855e-5,2.1189364921217308e-5,1.4681140943800801e-8,1.2692257698439534e-8,1.738621991661809e-8
encode/UTCTime/whole,1.1022466351362846e-5,1.1021075761503086e-5,1.1023669037809002e-5,4.270479662724827e-9,3.465741931797089e-9,5.38148435432113e-9
encode/UTCTime/fractional,1.2216392135076529e-5,1.2214851853791972e-5,1.2217862935155065e-5,5.040956133964509e-9,4.221329690797455e-9,6.243807745944684e-9
encode/ZonedTime/whole,1.2443002517363435e-5,1.2440506062142425e-5,1.2445374034159128e-5,7.980953307785188e-9,6.537776967429736e-9,1.0177025187662805e-8
encode/ZonedTime/fractional,1.3533071148164462e-5,1.353086167076336e-5,1.3534595049490574e-5,6.0968805076334004e-9,4.501067711336259e-9,9.674848712093118e-9
