Name,Mean,MeanLB,MeanUB,Stddev,StddevLB,StddevUB
string/text,3.3582625700229375e-7,3.3573284753545157e-7,3.359329235154951e-7,3.568480114938475e-10,2.889702846955174e-10,4.4916370283509234e-10
string/string direct,6.293830354843823e-7,6.293577045089347e-7,6.294242314517901e-7,1.1162483536911423e-10,6.852387315719497e-11,1.92458372156151e-10
string/string via text,8.728355203705428e-7,8.7278754801325e-7,8.729201366710479e-7,2.044337203423792e-10,1.3668843756559153e-10,3.2571947605465376e-10
