Name,Mean,MeanLB,MeanUB,Stddev,StddevLB,StddevUB
ffi,3.8237810231305415e-5,3.823450432231018e-5,3.824441533993227e-5,1.4870821967205408e-8,8.267194825705109e-9,2.5902063513489974e-8
pure,1.9151492120336223e-4,1.9148909438755404e-4,1.9159885645816924e-4,1.3905942936515442e-7,2.9419550124749957e-8,2.74344739032487e-7
