Name,Mean,MeanLB,MeanUB,Stddev,StddevLB,StddevUB
decode/UTCTime/whole,2.697128729294594e-5,2.696762689244337e-5,2.697496851511927e-5,1.2899271101964487e-8,1.0475569519665853e-8,1.6464741016853387e-8
decode/UTCTime/fractional,2.8671148977906983e-5,2.86681317911143e-5,2.867407462010142e-5,9.875936510765079e-9,8.464219262159712e-9,1.1863954501401209e-8
decode/ZonedTime/whole,2.068252463114742e-5,2.06791060416081e-5,2.0685513721209414e-5,1.0679737856543998e-8,8.836117248509884e-9,1.30653228144834e-8
decode/ZonedTime/fractional,2.1882820809236065e-5,2.187913092427045e-5,2.188681445623839e-5,1.3400229929125567e-8,1.122267117842114e-8,1.6287832875111665e-8
encode/UTCTime/whole,1.1554167520487313e-5,1.15531115418264e-5,1.155530275776768e-5,3.814294715625926e-9,3.149471751767586e-9,4.933045179574877e-9
encode/UTCTime/fractional,1.1260475276964735e-5,1.125912505657726e-5,1.1262136608173004e-5,5.035437395711436e-9,3.86223995684178e-9,7.117482934019977e-9
encode/ZonedTime/whole,1.2271399639679329e-5,1.2267724221362235e-5,1.2275538356813458e-5,1.3777836040989402e-8,1.1735044707254126e-8,1.6220537000810777e-8
encode/ZonedTime/fractional,1.2595132606404841e-5,1.2591731667859638e-5,1.259824186354511e-5,1.157804602119436e-8,9.832957459610753e-9,1.3729595880338901e-8
