Name,Mean,MeanLB,MeanUB,Stddev,StddevLB,StddevUB
decode/UTCTime/whole,2.6794587181567608e-5,2.6791388804177765e-5,2.6798046795424513e-5,1.142196468731083e-8,9.561087501209178e-9,1.3368480385409519e-8
decode/UTCTime/fractional,2.871559352443475e-5,2.8711888086982087e-5,2.8721224809985486e-5,1.5777125068717225e-8,1.234536413586075e-8,2.2065850730262543e-8
decode/ZonedTime/whole,2.0154360864902932e-5,2.0151589120765995e-5,2.0156965761406256e-5,9.42814201358867e-9,8.030768148778261e-9,1.1044129118905776e-8
decode/ZonedTime/fractional,2.1774554150103878e-5,2.1770229734704564e-5,2.1779430911049308e-5,1.539815630411285e-8,1.1810633507280415e-8,2.2021782982339367e-8
encode/UTCTime/whole,1.0791291207928116e-5,1.078955322360973e-5,1.079295946203289e-5,5.574981906524208e-9,4.471419289199262e-9,7.021743848146548e-9
encode/UTCTime/fractional,1.1148952086529213e-5,1.1144469856756064e-5,1.115308585253472e-5,1.5317641510427652e-8,1.4026355753815446e-8,1.683948193958913e-8
encode/ZonedTime/whole,1.2036262893872132e-5,1.203407361622992e-5,1.2039286699853358e-5,8.572822738894725e-9,6.613577638731662e-9,1.187394085277568e-8
encode/ZonedTime/fractional,1.2329645714299536e-5,1.2327626869413043e-5,1.2331568477185834e-5,6.997399103336119e-9,6.083774318768247e-9,8.31441991498513e-9
