Name,Mean,MeanLB,MeanUB,Stddev,StddevLB,StddevUB
twitter/aeson,2.6550852294252226e-4,2.6549613022982713e-4,2.655196919356274e-4,3.666585244090893e-8,2.9376635141296052e-8,4.739210446730433e-8
twitter/buffer-builder,3.215822509939197e-4,3.212686419031474e-4,3.2190796838476075e-4,1.0418061341651843e-6,8.988200542658079e-7,1.1794162227436389e-6
twitter/json-builder,1.1362927914066385e-3,1.1352334866577914e-3,1.1372578819656227e-3,3.2666979433225136e-6,2.727303752033022e-6,3.9413822047815585e-6
json-bench/aeson,1.0345927750529695e-3,1.0344779272570596e-3,1.0346932402831765e-3,3.603527423304336e-7,3.0072828635493883e-7,4.351840082303848e-7
json-bench/buffer-builder,6.454461947064229e-4,6.449551250940357e-4,6.459293469498428e-4,1.721441016538742e-6,1.4763406559713974e-6,1.9608202474809807e-6
json-bench/json-builder,2.786501753312096e-3,2.7839208271973654e-3,2.7889446504710327e-3,8.086810794489958e-6,6.2892108827977095e-6,1.0890660604588482e-5
