Name,Mean,MeanLB,MeanUB,Stddev,StddevLB,StddevUB
string/text,3.3234202422523666e-7,3.3225629357645916e-7,3.324111414528251e-7,2.555534060470556e-10,2.0130851397679043e-10,3.2267190979345787e-10
string/string direct,5.924383463788428e-7,5.923751466687787e-7,5.926537424488565e-7,3.1679487351298765e-10,1.1764022955056445e-10,6.555454634189157e-10
string/string via text,8.938580632062959e-7,8.937850107537341e-7,8.939225142082348e-7,2.229396331065594e-10,1.867747744390724e-10,2.8360066442788694e-10
