Name,Mean,MeanLB,MeanUB,Stddev,StddevLB,StddevUB
ffi,3.8754792279478984e-5,3.875399955217062e-5,3.8755996493613805e-5,3.294526386633096e-9,2.431230470329606e-9,4.617853661986976e-9
pure,1.9831926359932612e-4,1.983027683032886e-4,1.9835302925206273e-4,8.112728582468724e-8,4.544626022918804e-8,1.5292584776483367e-7
