Name,Mean,MeanLB,MeanUB,Stddev,StddevLB,StddevUB
decode/UTCTime/whole,2.6719957107167653e-5,2.67125514576137e-5,2.6734297464017653e-5,3.597578077830587e-8,2.1182829574018393e-8,7.057763943057456e-8
decode/UTCTime/fractional,2.8624416447346486e-5,2.8618058466283145e-5,2.8634211191412876e-5,2.637500534705388e-8,1.888492265424885e-8,4.172100023588e-8
decode/ZonedTime/whole,1.9633641117831038e-5,1.9629955773840502e-5,1.9638172244864812e-5,1.3607272005875078e-8,1.1012056662833613e-8,1.7501538602267208e-8
decode/ZonedTime/fractional,2.117398100234977e-5,2.1168513233383497e-5,2.1180735158568882e-5,2.0605134518786016e-8,1.6464063202453905e-8,2.7519420757384864e-8
encode/UTCTime/whole,1.0414583188063475e-5,1.0412503701336972e-5,1.0417824198092991e-5,8.368535497238292e-9,5.8396740863505505e-9,1.2916451327532056e-8
encode/UTCTime/fractional,1.153954158883728e-5,1.1537045387451979e-5,1.1544681736294266e-5,1.1297040594198671e-8,6.7294239767178376e-9,2.1566485166558992e-8
encode/ZonedTime/whole,1.1626683414971673e-5,1.1624598608694642e-5,1.1629668571540733e-5,8.134189457905546e-9,5.476044423241398e-9,1.2559172864796636e-8
encode/ZonedTime/fractional,1.2240966197848562e-5,1.2238678606324232e-5,1.2243600320460776e-5,8.106469593788159e-9,6.626912214802031e-9,1.044468409488534e-8
