Name,Mean,MeanLB,MeanUB,Stddev,StddevLB,StddevUB
ffi,3.821061344272479e-5,3.8209020791159734e-5,3.8216727332689005e-5,9.080402150246726e-9,2.447776822924891e-9,1.8613325773388975e-8
pure,1.851128012379698e-4,1.8509898142782068e-4,1.8512365999354897e-4,4.051550131998523e-8,2.980795356100869e-8,5.703075403508686e-8
