Name,Mean,MeanLB,MeanUB,Stddev,StddevLB,StddevUB
twitter/aeson,2.692153021292883e-4,2.691665798519277e-4,2.693724800436528e-4,2.6659710645639623e-7,1.0571139447023149e-7,5.222041448648967e-7
twitter/buffer-builder,3.3056589081385227e-4,3.303113613439885e-4,3.308442213682547e-4,9.133163319854535e-7,8.051395245920224e-7,1.0567901197976967e-6
twitter/json-builder,1.1593463686634501e-3,1.1583385523288954e-3,1.1604062829113553e-3,3.5979219564715622e-6,2.9479437552066635e-6,5.023594645252903e-6
json-bench/aeson,1.0790590607883898e-3,1.0789072691461603e-3,1.0793398309501406e-3,7.023537358122381e-7,4.3377853844332635e-7,1.1675735148186928e-6
json-bench/buffer-builder,6.540105310431102e-4,6.534774956601162e-4,6.545334963253205e-4,1.8062116757589096e-6,1.5654487675003096e-6,2.0758715503809495e-6
json-bench/json-builder,2.9061225207189954e-3,2.9031930636769948e-3,2.9090241413602274e-3,9.665163567910831e-6,7.259695257981317e-6,1.2877667513662413e-5
