Name,Mean,MeanLB,MeanUB,Stddev,StddevLB,StddevUB
string/text,3.3641025800631237e-7,3.3622923868530786e-7,3.365776367572279e-7,5.79522497341866e-10,5.091431749762977e-10,6.567593492912488e-10
string/string direct,6.291948996922677e-7,6.291655212651412e-7,6.292325550478018e-7,1.1320170962068918e-10,9.150507792702802e-11,1.4672526628494417e-10
string/string via text,8.997392374529517e-7,8.996917497992774e-7,8.99798131065668e-7,1.8398776058212358e-10,1.4516500777585873e-10,2.594529513017694e-10
