Name,Mean,MeanLB,MeanUB,Stddev,StddevLB,StddevUB
listRank,8.405579814416132e-3,8.403594545784277e-3,8.407618973432977e-3,5.916720988180242e-6,4.745018840796493e-6,7.667105660057351e-6
rootfix,3.56072287018724e-4,3.5595982102475603e-4,3.5644414317295687e-4,6.208421297505798e-7,1.9931697026182094e-7,1.274818565236304e-6
leaffix,3.731075222298826e-4,3.730285367165388e-4,3.7324103626010095e-4,3.442360685579651e-7,2.5109306254590553e-7,5.536252060201118e-7
awshcc,3.0252889077474646e-2,3.005998668391994e-2,3.1007840970854916e-2,7.717684890938049e-4,2.7415434491944194e-5,1.4964066103945412e-3
hybcc,2.052709842327248e-3,2.0451076522614697e-3,2.0617291081080694e-3,2.7975377208003472e-5,2.274565968527275e-5,3.6683425406710456e-5
quickhull,1.2401231584184419e-3,1.238875571353877e-3,1.2420080322667895e-3,5.1760005264959036e-6,3.5610670336514118e-6,7.1586462333029e-6
spectral,3.112416117286892e-4,3.1123248778782217e-4,3.112549041789333e-4,3.716708029562287e-8,2.9289314649717184e-8,4.9302770341568446e-8
tridiag,4.931427582847666e-3,4.928176035163942e-3,4.93483791351192e-3,1.0431539480608082e-5,8.588475200242135e-6,1.3355429043313177e-5
