Name,Mean,MeanLB,MeanUB,Stddev,StddevLB,StddevUB
listRank,7.874689753692002e-3,7.868262619747875e-3,7.882502784297713e-3,1.9580081918447248e-5,1.4049891983162539e-5,2.748949282417523e-5
rootfix,3.61786480282067e-4,3.611634745661154e-4,3.622128808701491e-4,1.675402449688859e-6,1.337736605634959e-6,2.3012783891626233e-6
leaffix,3.6938281905632566e-4,3.687763552090156e-4,3.699433114578121e-4,1.912594798873396e-6,1.6528089137403855e-6,2.1875559220540115e-6
awshcc,2.8997155913290495e-2,2.8796100658578183e-2,2.979053006963724e-2,8.315409351325413e-4,3.0160606559955037e-5,1.6183455772109047e-3
hybcc,2.044776399982302e-3,2.0319449426431323e-3,2.058384173517961e-3,4.544827621763087e-5,3.868797508481317e-5,5.567897152113914e-5
quickhull,1.2506954298604142e-3,1.2503603489100066e-3,1.251120809319909e-3,1.269256401303422e-6,9.97296515426373e-7,1.7941437499404964e-6
spectral,3.151009442956236e-4,3.1502047265902954e-4,3.152537907965915e-4,3.478124729972713e-7,1.8039897218109472e-7,5.167831961262324e-7
tridiag,4.9961450878021904e-3,4.989496156636838e-3,5.003630047132847e-3,2.1563372193605248e-5,1.6255386583955097e-5,3.0569583249927906e-5
