Name,Mean,MeanLB,MeanUB,Stddev,StddevLB,StddevUB
listRank,8.456465713409635e-3,8.452214698018665e-3,8.463193211393863e-3,1.5599522186853217e-5,9.843639954585681e-6,2.5899759342357832e-5
rootfix,3.5609709409215246e-4,3.5521598393615595e-4,3.572689009644389e-4,3.438647227968341e-6,2.3931544286460364e-6,4.556053772454441e-6
leaffix,3.7280915617220526e-4,3.718240550471009e-4,3.7468441183547254e-4,4.212153847631834e-6,2.7426967544513075e-6,6.093133882689025e-6
awshcc,3.0263994851329194e-2,3.0071948039128618e-2,3.099756364938715e-2,7.650266761714939e-4,2.714818833333228e-5,1.485655431835511e-3
hybcc,2.0653254443467285e-3,2.0540036174159725e-3,2.0775296256560724e-3,3.804975817655082e-5,3.095610952084283e-5,5.033216925135728e-5
quickhull,1.2397164639573613e-3,1.2388082325196332e-3,1.2405588896602657e-3,2.888266637134815e-6,2.451867627320875e-6,3.367256766952867e-6
spectral,3.1125963627018935e-4,3.112443436044074e-4,3.112848963685897e-4,6.629250744596725e-8,4.542614902839779e-8,9.468551263914606e-8
tridiag,4.861246368054374e-3,4.858235222745724e-3,4.86479505642653e-3,9.835200444767124e-6,8.004342749354867e-6,1.2245538826963193e-5
