Name,Mean,MeanLB,MeanUB,Stddev,StddevLB,StddevUB
listRank,8.467267610871458e-3,8.462993572066107e-3,8.472260123490786e-3,1.3201141072426237e-5,1.0590929978261256e-5,1.7051777986599463e-5
rootfix,3.6694115141022054e-4,3.6540196901970444e-4,3.6829866470858194e-4,4.9051048866959544e-6,4.106800723093459e-6,5.859669545340664e-6
leaffix,3.7556139736143814e-4,3.748766781679521e-4,3.7640347686746466e-4,2.6480739197334078e-6,2.2804505094692994e-6,3.02223221480361e-6
awshcc,3.0367736680737452e-2,3.018097060703482e-2,3.0927006988055564e-2,7.293458095470009e-4,6.877757911205097e-5,1.326241694428347e-3
hybcc,2.1529042484370324e-3,2.1436205410458368e-3,2.164637776645994e-3,3.444452141153921e-5,2.722845191744619e-5,4.850323342354722e-5
quickhull,1.2476291142440644e-3,1.2456566014698671e-3,1.2507925813656188e-3,8.827887823934801e-6,6.509696391484803e-6,1.2812986039122056e-5
spectral,3.1120744734571633e-4,3.111938008497706e-4,3.112303328672788e-4,5.694927219500004e-8,3.9883670262697973e-8,8.301085686946365e-8
tridiag,4.891672309883701e-3,4.888323857568033e-3,4.894984056704654e-3,9.837913943740625e-6,7.3109267687815415e-6,1.415962022707544e-5
