Name,Mean,MeanLB,MeanUB,Stddev,StddevLB,StddevUB
listRank,8.367377518336149e-3,8.353570929998002e-3,8.385984286544782e-3,4.174519940846505e-5,3.375546508052501e-5,5.092685107873481e-5
rootfix,3.506224760640665e-4,3.500015560264441e-4,3.516095538027267e-4,2.5529554100180517e-6,1.8331442642474837e-6,3.916801727510838e-6
leaffix,3.3503580830740334e-4,3.3451804943806325e-4,3.359956323574415e-4,2.3530828255036016e-6,1.7866646023492136e-6,3.8129671723252116e-6
awshcc,3.3515489781359334e-2,3.3277081866776616e-2,3.4477231500824934e-2,9.160957041287874e-4,1.0211382670194662e-4,1.7721701157644603e-3
hybcc,2.387784415213392e-3,2.376641770998601e-3,2.403358207573068e-3,4.1827319771916355e-5,3.287995939360633e-5,6.165327046877512e-5
quickhull,1.4738806883667756e-3,1.4620314066608317e-3,1.5047728585939578e-3,5.6495063471409274e-5,3.0296672022893533e-5,1.0748363011084362e-4
spectral,1.4817033797475155e-4,1.479359648199241e-4,1.4851519603886244e-4,9.8418290129341e-7,6.445664017760625e-7,1.6152817756551943e-6
tridiag,5.134513864207092e-3,5.1222392277503696e-3,5.162010118004575e-3,5.3773638294243756e-5,2.5342467604667923e-5,1.0020527680933069e-4
