Name,Mean,MeanLB,MeanUB,Stddev,StddevLB,StddevUB
listRank,8.370867937980375e-3,8.342621222989613e-3,8.409738268739067e-3,9.18412379368449e-5,6.122030118001538e-5,1.292853141664507e-4
rootfix,3.536277162617907e-4,3.525708110555122e-4,3.57070465153314e-4,6.010999980971991e-6,1.3126026921911753e-6,1.3447295801681301e-5
leaffix,3.618387289905895e-4,3.608217563879595e-4,3.634339916991953e-4,4.319645885133674e-6,2.7995106006686287e-6,7.0167103393331385e-6
awshcc,3.3616278451236256e-2,3.337480190709494e-2,3.4683578654475404e-2,8.475832332041624e-4,1.5648588173685198e-4,1.6409966034732744e-3
hybcc,2.388433119979718e-3,2.376131261913934e-3,2.4033561123785684e-3,4.560059172519769e-5,3.6014710286073655e-5,6.199246204982239e-5
quickhull,1.4553687721007682e-3,1.453708799268774e-3,1.458061535232361e-3,7.096629551575276e-6,4.985939227758916e-6,1.0636030067932672e-5
spectral,1.482537927219558e-4,1.479949997272163e-4,1.490852422440695e-4,1.3945255524625938e-6,6.210528694635739e-7,2.6609461300102525e-6
tridiag,5.134886644174444e-3,5.123859443699053e-3,5.1467113412609865e-3,3.554891447339954e-5,2.7933002851968043e-5,5.375065764027417e-5
