Name,Mean,MeanLB,MeanUB,Stddev,StddevLB,StddevUB
listRank,8.28930141802769e-3,8.278659037414366e-3,8.307620812563246e-3,3.9840458518713406e-5,2.6372885326724005e-5,7.139665682950423e-5
rootfix,3.496993234701846e-4,3.4892858341101636e-4,3.5121972508513126e-4,3.4727063859748705e-6,2.2354541453966567e-6,6.087773001922806e-6
leaffix,3.423434557488295e-4,3.417895304070941e-4,3.436402865559924e-4,2.7080306895546943e-6,1.5244259006019803e-6,5.145512924112614e-6
awshcc,3.346446139805963e-2,3.323603816265748e-2,3.417506563976658e-2,7.672972865269814e-4,1.935925417847963e-4,1.518634951700629e-3
hybcc,2.3772017055847957e-3,2.365891228243653e-3,2.387243396267411e-3,3.446770270777766e-5,2.758118064392219e-5,4.328298804914938e-5
quickhull,1.4555954591242133e-3,1.4534190246528363e-3,1.4602929992495865e-3,1.0573430176181093e-5,5.4142148866604525e-6,1.958390610383966e-5
spectral,1.4799574118133253e-4,1.4778103742007202e-4,1.483329665223291e-4,8.992601186803188e-7,5.284789520757885e-7,1.4782785611135767e-6
tridiag,5.15166069233432e-3,5.1335645070594935e-3,5.1713996895253415e-3,5.775816542418054e-5,4.2083726052935794e-5,8.200019052990185e-5
