Name,Mean,MeanLB,MeanUB,Stddev,StddevLB,StddevUB
listRank,8.505741048246834e-3,8.487609333629667e-3,8.53645346049785e-3,6.256807674593846e-5,3.986197559468335e-5,8.912117274269781e-5
rootfix,3.373586719074207e-4,3.3576234784257335e-4,3.4109263736459495e-4,7.4809092540510716e-6,3.753976542604929e-6,1.2759383699296544e-5
leaffix,3.5110433328262625e-4,3.499188012406134e-4,3.5320575070986416e-4,5.3763724025782714e-6,2.987264283914509e-6,9.068414323711472e-6
awshcc,3.141016805126794e-2,3.1179188213024914e-2,3.1989616764481595e-2,7.954527127751592e-4,2.895660772759752e-4,1.3870061477048016e-3
hybcc,2.318406272010523e-3,2.305456103196162e-3,2.3327559005202583e-3,4.8330911798125636e-5,3.7786760167607227e-5,6.162090741364852e-5
quickhull,1.458156834497341e-3,1.4569030375427329e-3,1.4600625166908904e-3,5.161430659907228e-6,2.962785936907022e-6,8.383400039903724e-6
spectral,1.6066895543333278e-4,1.6001487977972167e-4,1.6283140186386933e-4,3.4992371533894207e-6,9.463611424767061e-7,7.15133406398217e-6
tridiag,5.199388700316303e-3,5.187333192676528e-3,5.217949682787767e-3,4.4342563466892086e-5,2.9491021859336043e-5,7.550680760610065e-5
