Name,Mean,MeanLB,MeanUB,Stddev,StddevLB,StddevUB
decode/UTCTime/whole,2.672494803415414e-5,2.6719011822841496e-5,2.672973282430702e-5,1.709399738452022e-8,1.2656083974895776e-8,2.6725661758684448e-8
decode/UTCTime/fractional,2.8201648729131425e-5,2.819351085802324e-5,2.8209376027101425e-5,2.6732089949645085e-8,2.297472840360807e-8,3.203687411833316e-8
decode/ZonedTime/whole,2.0284611112931954e-5,2.028152416691819e-5,2.028923242726761e-5,1.2617671282128454e-8,9.826922123900063e-9,1.800296837041158e-8
decode/ZonedTime/fractional,2.1295758119672425e-5,2.129053685068761e-5,2.13030500978823e-5,2.030511537130179e-8,1.770149796556196e-8,2.4523444805159754e-8
encode/UTCTime/whole,1.1004467186507054e-5,1.1003485937880275e-5,1.1005407206560059e-5,3.1063739911275995e-9,2.497032749815048e-9,4.0957936648242325e-9
encode/UTCTime/fractional,1.2203504016534556e-5,1.220194392662598e-5,1.2205411135330103e-5,5.485736173484254e-9,4.5454522831270695e-9,7.05577704742538e-9
encode/ZonedTime/whole,1.2434060971031414e-5,1.2432299245373344e-5,1.2435681881344675e-5,5.790373413858766e-9,4.869016918785911e-9,6.852540333863806e-9
encode/ZonedTime/fractional,1.3542654462715618e-5,1.3540360805003624e-5,1.3545102038069971e-5,8.267580310371935e-9,6.987874369044979e-9,9.73593416956507e-9
