Name,Mean,MeanLB,MeanUB,Stddev,StddevLB,StddevUB
decode/UTCTime/whole,2.630895607081694e-5,2.6304135191541956e-5,2.631349646749823e-5,1.5398826064470194e-8,1.2644119977340485e-8,1.9882727358771875e-8
decode/UTCTime/fractional,2.8193677470138835e-5,2.818783795599137e-5,2.820031686556546e-5,2.0685978571770963e-8,1.8071816928200166e-8,2.400379613279474e-8
decode/ZonedTime/whole,1.9555702128762617e-5,1.955246006147298e-5,1.9559300868427933e-5,1.1472667439599533e-8,9.709738420220743e-9,1.3745177409776206e-8
decode/ZonedTime/fractional,2.112511830929154e-5,2.1120027580709534e-5,2.1131494120237973e-5,1.9453106791756424e-8,1.5541406994243545e-8,2.4166330716648976e-8
encode/UTCTime/whole,1.0399970896268287e-5,1.0398890781227468e-5,1.040120919572806e-5,3.784118102022856e-9,3.053388981654194e-9,4.911163346175854e-9
encode/UTCTime/fractional,1.150670747004956e-5,1.1505343203292995e-5,1.1508309716903199e-5,5.1861724244890655e-9,4.304833895460811e-9,6.890997319219241e-9
encode/ZonedTime/whole,1.1602695770644465e-5,1.1601186007181855e-5,1.1604449628893943e-5,5.6189170499714215e-9,4.749630655347929e-9,6.842011389342994e-9
encode/ZonedTime/fractional,1.2238494052510014e-5,1.2237097433956128e-5,1.2239838628107272e-5,4.552039985135943e-9,3.814809423784914e-9,5.554143899348234e-9
