Name,Mean,MeanLB,MeanUB,Stddev,StddevLB,StddevUB
decode/UTCTime/whole,2.6684618520144123e-5,2.667864223467819e-5,2.668936689647145e-5,1.8221466667009942e-8,1.4215266418224456e-8,2.254231872625637e-8
decode/UTCTime/fractional,2.8622335112486715e-5,2.8619360580300903e-5,2.8626262998321126e-5,1.1440658114470358e-8,8.975099935137102e-9,1.570297741583292e-8
decode/ZonedTime/whole,2.007462433981291e-5,2.0072003525781474e-5,2.0080960489859218e-5,1.2271154774546338e-8,6.8791456790293875e-9,2.2154917546487343e-8
decode/ZonedTime/fractional,2.1753669183902884e-5,2.1751453386932566e-5,2.1756027054323554e-5,7.84142993792316e-9,6.638561399877594e-9,9.69555539616406e-9
encode/UTCTime/whole,1.0786889510389094e-5,1.0785446459394395e-5,1.0788303455652546e-5,4.679400476542769e-9,3.812835950870037e-9,5.70277382519237e-9
encode/UTCTime/fractional,1.1157371447471805e-5,1.1156140137975336e-5,1.115895157437225e-5,4.693009858154594e-9,3.6147801509507207e-9,6.316886345044254e-9
encode/ZonedTime/whole,1.2038580356846316e-5,1.20363915399898e-5,1.2040732460997294e-5,7.532086698876548e-9,6.5449503845284345e-9,8.673491130562661e-9
encode/ZonedTime/fractional,1.2350352596964032e-5,1.2348414636139399e-5,1.2352106598209793e-5,6.36811839012946e-9,5.097831805405501e-9,8.050901726554882e-9
