Name,Mean,MeanLB,MeanUB,Stddev,StddevLB,StddevUB
twitter/aeson,2.688561479355587e-4,2.688189054210806e-4,2.689351677110727e-4,1.769350178040238e-7,1.0819200949082203e-7,3.019018452870668e-7
twitter/buffer-builder,3.290791739596269e-4,3.287678983456436e-4,3.2936723858148145e-4,1.068533234332884e-6,9.227697406561294e-7,1.2371195585767572e-6
twitter/json-builder,1.1536891386446245e-3,1.1527227658337381e-3,1.1545551232614347e-3,3.141988567542958e-6,2.681122352222338e-6,3.843324632551363e-6
json-bench/aeson,1.080339125142223e-3,1.0797361499143806e-3,1.0806490407806264e-3,1.438706767082294e-6,7.720064216566496e-7,2.702714033314775e-6
json-bench/buffer-builder,6.572099355613916e-4,6.567071148455923e-4,6.57677289264458e-4,1.6405775737489392e-6,1.3541450152209428e-6,1.9042709441080765e-6
json-bench/json-builder,2.871979860825772e-3,2.868966191160894e-3,2.875013538046968e-3,9.759698180312618e-6,7.558223388449731e-6,1.2741885300759692e-5
