Name,Mean,MeanLB,MeanUB,Stddev,StddevLB,StddevUB
ffi,3.8751181637037376e-5,3.8748531577756384e-5,3.876258442567664e-5,1.5756171235210968e-8,3.700259295943455e-9,3.531358181915708e-8
pure,1.980013601579721e-4,1.979846577922515e-4,1.9801812854884952e-4,5.8638790567942916e-8,4.882036265813983e-8,7.166351194946754e-8
