Name,Mean,MeanLB,MeanUB,Stddev,StddevLB,StddevUB
string/text,3.333057942214972e-7,3.330423465528368e-7,3.335198236770394e-7,7.948918589376858e-10,6.989489791332472e-10,8.692597995747385e-10
string/string direct,5.90896052045731e-7,5.908471384304134e-7,5.909949649238676e-7,2.1530859022149312e-10,1.2835730453765836e-10,3.711769672911862e-10
string/string via text,8.933745140079371e-7,8.932527554901998e-7,8.935038600420259e-7,4.158464215657329e-10,3.5941281584638044e-10,4.862269860502803e-10
