Name,Mean,MeanLB,MeanUB,Stddev,StddevLB,StddevUB
twitter/aeson,2.6885336152352216e-4,2.688353584681006e-4,2.6887144249356545e-4,6.058569579546683e-8,4.908903262342705e-8,8.137988593104011e-8
twitter/buffer-builder,3.306630746691623e-4,3.303989308488e-4,3.309475082457718e-4,8.76676435978232e-7,7.707669833544021e-7,1.0185686898590501e-6
twitter/json-builder,1.1562139378332086e-3,1.1552113525455975e-3,1.1570947187878706e-3,3.1864282641690904e-6,2.641672630037648e-6,3.880264450488098e-6
json-bench/aeson,1.077924644591981e-3,1.0778144691101017e-3,1.0780548480316381e-3,4.121246837971236e-7,3.325473419294649e-7,5.404851085682467e-7
json-bench/buffer-builder,6.526926619071559e-4,6.522088055255256e-4,6.531543685692371e-4,1.6087186054165918e-6,1.4196288700295045e-6,1.81366851427822e-6
json-bench/json-builder,2.904074125785165e-3,2.9009729373447595e-3,2.907234579676082e-3,1.029509077761967e-5,7.820827046309805e-6,1.3292486723340023e-5
