Name,Mean,MeanLB,MeanUB,Stddev,StddevLB,StddevUB
twitter/aeson,2.6550589807567364e-4,2.654947334576569e-4,2.655190850848791e-4,4.0314087234673195e-8,3.066502482409684e-8,5.654724060183355e-8
twitter/buffer-builder,3.225049881325273e-4,3.222045467961664e-4,3.227393390100198e-4,9.282966484289831e-7,8.112565023443351e-7,1.069023494888486e-6
twitter/json-builder,1.1345121736129427e-3,1.1335087767249644e-3,1.135600973776687e-3,3.5443363468367856e-6,2.984579394814247e-6,4.41152202433381e-6
json-bench/aeson,1.0355383944768521e-3,1.0354051924310692e-3,1.0356569072509506e-3,4.519168424528733e-7,3.736312785467362e-7,6.097255754859992e-7
json-bench/buffer-builder,6.475037038849085e-4,6.470189149261944e-4,6.47962683217898e-4,1.6553532860242019e-6,1.4436950737395962e-6,1.8715366356898363e-6
json-bench/json-builder,2.7944157760311037e-3,2.791187409706842e-3,2.797926695017888e-3,1.0728604414653231e-5,8.072641861033916e-6,1.3883962170299949e-5
