Name,Mean,MeanLB,MeanUB,Stddev,StddevLB,StddevUB
string/text,3.338929261312569e-7,3.3377463145269074e-7,3.3398073828402524e-7,3.291083008459868e-10,2.670686883778047e-10,4.0911820401309184e-10
string/string direct,6.29808664858584e-7,6.297672447089515e-7,6.298755161159678e-7,1.8028356287566448e-10,1.1322653144940596e-10,3.018534196811047e-10
string/string via text,8.719000623667956e-7,8.718484294323364e-7,8.719605234776043e-7,1.8480097963776685e-10,1.5274857582113798e-10,2.1994991331439462e-10
