Name,Mean,MeanLB,MeanUB,Stddev,StddevLB,StddevUB
ffi,3.8219327452773204e-5,3.821851471330342e-5,3.822051964746017e-5,3.267375290658321e-9,2.5335705602455907e-9,4.361961112747793e-9
pure,1.914634348033956e-4,1.914543605903854e-4,1.9149429877913577e-4,5.029965551300954e-8,1.4161305316723147e-8,1.0330920822417617e-7
