Name,Mean,MeanLB,MeanUB,Stddev,StddevLB,StddevUB
string/text,3.3479556893414666e-7,3.345947296736456e-7,3.349742050655176e-7,6.862038749328019e-10,5.974472730433566e-10,7.582955923821468e-10
string/string direct,6.303748208480598e-7,6.303362323959881e-7,6.304273399085582e-7,1.500355618758825e-10,9.97667728446017e-11,2.393311078140816e-10
string/string via text,8.700893584009974e-7,8.700345131610655e-7,8.701334868799847e-7,1.6253230969781454e-10,1.2889576147701641e-10,2.2825641368486164e-10
