Name,Mean,MeanLB,MeanUB,Stddev,StddevLB,StddevUB
string/text,3.354228782809949e-7,3.35214542121695e-7,3.3563958499370933e-7,7.172300012663409e-10,5.977311736629041e-10,8.439057313654587e-10
string/string direct,6.310890210844639e-7,6.310062017291481e-7,6.312468256306731e-7,3.810811412772894e-10,2.401375821050729e-10,6.293766090994121e-10
string/string via text,8.720512992210978e-7,8.719638519059848e-7,8.721771565977799e-7,3.559877642995517e-10,2.420428292470427e-10,5.597939106688809e-10
