Name,Mean,MeanLB,MeanUB,Stddev,StddevLB,StddevUB
string/text,3.319623164977513e-7,3.3174257749123703e-7,3.3216566594853194e-7,7.196842401462447e-10,6.269913097789567e-10,7.884373505345948e-10
string/string direct,5.90267870043692e-7,5.902209046605609e-7,5.903319655666105e-7,1.7348867554984924e-10,1.3029732311123262e-10,2.36674843539002e-10
string/string via text,8.923708623677672e-7,8.923168730199592e-7,8.924220420469171e-7,1.8213299430808296e-10,1.4848384700625547e-10,2.2266574368820232e-10
