Name,Mean,MeanLB,MeanUB,Stddev,StddevLB,StddevUB
ffi,3.822150371714948e-5,3.821736757256687e-5,3.823184992760677e-5,2.0328908648955924e-8,9.471244401747999e-9,3.772184139461292e-8
pure,1.8529483513959018e-4,1.8527872371673174e-4,1.853272746937409e-4,7.424860143060617e-8,4.259447260602222e-8,1.2783959459866737e-7
