Name,Mean,MeanLB,MeanUB,Stddev,StddevLB,StddevUB
decode/UTCTime/whole,2.6612366645836903e-5,2.660723240501466e-5,2.6617543370913456e-5,1.7215234333802077e-8,1.458290801142355e-8,2.130731399497278e-8
decode/UTCTime/fractional,2.8065994244890756e-5,2.8060110919592507e-5,2.807129562860885e-5,1.7958430867655016e-8,1.535724559476682e-8,2.1098119905043305e-8
decode/ZonedTime/whole,2.0189864979961673e-5,2.018691269030028e-5,2.019349190955402e-5,1.1167974732264656e-8,9.348738700396103e-9,1.3617562749087355e-8
decode/ZonedTime/fractional,2.1188126328866528e-5,2.1184949323585998e-5,2.1191361307147376e-5,1.0070685984080663e-8,8.34309273113001e-9,1.258865640869999e-8
encode/UTCTime/whole,1.1007205918443085e-5,1.1005270811649571e-5,1.100883164364255e-5,6.344551107122449e-9,5.062861560581654e-9,8.20365276843248e-9
encode/UTCTime/fractional,1.2215710220826146e-5,1.2213649491147869e-5,1.2217895210742527e-5,7.251732610794589e-9,6.138975488736112e-9,8.790959016127659e-9
encode/ZonedTime/whole,1.2452562085796128e-5,1.2450058055195335e-5,1.245515931566676e-5,8.361874223544964e-9,6.570982610515025e-9,1.2391614244047244e-8
encode/ZonedTime/fractional,1.3529021599059835e-5,1.3527467937481548e-5,1.3530733122477364e-5,5.513098235151134e-9,4.615210304598981e-9,6.749676206579368e-9
