Name,Mean,MeanLB,MeanUB,Stddev,StddevLB,StddevUB
decode/UTCTime/whole,2.6666218434831314e-5,2.666175990729542e-5,2.6671361232696027e-5,1.5273679326618024e-8,1.1816296663768358e-8,2.2640353724412563e-8
decode/UTCTime/fractional,2.8647123533436154e-5,2.8642317901853724e-5,2.8654702871373158e-5,2.0595507669828076e-8,1.3459142920083488e-8,3.5492615403546956e-8
decode/ZonedTime/whole,2.011518929792538e-5,2.0111884168309393e-5,2.011851308669133e-5,1.1302734078147677e-8,9.010405445934047e-9,1.4789595479182811e-8
decode/ZonedTime/fractional,2.1785790730324214e-5,2.1780485923963693e-5,2.1800260691336744e-5,2.4927647833412105e-8,1.3268306111925716e-8,4.8381688904709256e-8
encode/UTCTime/whole,1.080051479822038e-5,1.0798805132278567e-5,1.0803876299634354e-5,7.217775841874757e-9,3.872092850880232e-9,1.2610684735530733e-8
encode/UTCTime/fractional,1.115186261323787e-5,1.1149683581166526e-5,1.1154502465671652e-5,7.887208672732843e-9,6.526433447135124e-9,1.0336247410810238e-8
encode/ZonedTime/whole,1.2054799826617004e-5,1.2051973030100207e-5,1.2058008045619994e-5,1.081401039920688e-8,8.146716350486576e-9,1.5270257796831888e-8
encode/ZonedTime/fractional,1.2360306463002648e-5,1.2358048825271968e-5,1.2363972059189045e-5,9.615339832388526e-9,6.922885194213086e-9,1.659937805121788e-8
