Name,Mean,MeanLB,MeanUB,Stddev,StddevLB,StddevUB
twitter/aeson,2.655486421102639e-4,2.6553746458199705e-4,2.655713405793436e-4,5.047162187993663e-8,3.0796151397370385e-8,8.602110356028648e-8
twitter/buffer-builder,3.2131220758003154e-4,3.209715503625023e-4,3.2159339163583954e-4,1.0512847434885345e-6,9.182871815650406e-7,1.216509063662678e-6
twitter/json-builder,1.137503913405605e-3,1.1365816780670593e-3,1.138415186939424e-3,3.1665527034946117e-6,2.627077184615298e-6,3.910070852810273e-6
json-bench/aeson,1.0438283559621986e-3,1.0437177271502406e-3,1.0439368516046207e-3,3.737113823902933e-7,3.1552135201114626e-7,4.4834035615295755e-7
json-bench/buffer-builder,6.449762060036827e-4,6.44409117985391e-4,6.454722074547125e-4,1.7561608165292941e-6,1.563182667103277e-6,1.993430590813535e-6
json-bench/json-builder,2.7953689733358207e-3,2.7923702617965234e-3,2.7984312202623536e-3,1.0262549419295095e-5,7.875499702029989e-6,1.3406152928981656e-5
