Name,Mean,MeanLB,MeanUB,Stddev,StddevLB,StddevUB
string/text,3.3387928348025986e-7,3.33773939146752e-7,3.340038489218218e-7,4.070816307870706e-10,3.594286822317129e-10,4.6374875857628763e-10
string/string direct,6.321995992425134e-7,6.321385934034524e-7,6.322733625379283e-7,2.337807572813418e-10,1.7397880834670318e-10,3.422404779004189e-10
string/string via text,8.738403446121675e-7,8.73786747051566e-7,8.73923547592004e-7,2.1029528618299326e-10,1.4820266380561003e-10,3.485762212113471e-10
