Name,Mean,MeanLB,MeanUB,Stddev,StddevLB,StddevUB
decode/UTCTime/whole,2.6579445841094126e-5,2.6576642035406157e-5,2.658238241153661e-5,9.767590889484594e-9,8.191206635218331e-9,1.1970598416481732e-8
decode/UTCTime/fractional,2.829447726309783e-5,2.8292015444488942e-5,2.8297719130821427e-5,9.434037637740457e-9,7.2737096632246985e-9,1.3898181820219968e-8
decode/ZonedTime/whole,2.067381015341712e-5,2.0670438890429344e-5,2.0677677557322537e-5,1.1851552051199908e-8,9.676082041710038e-9,1.4895387009687635e-8
decode/ZonedTime/fractional,2.189609229414243e-5,2.189090711390261e-5,2.190184501007035e-5,1.9028296609472557e-8,1.6124111916661148e-8,2.249730049954095e-8
encode/UTCTime/whole,1.1555232311604634e-5,1.155350365376865e-5,1.1557215182416105e-5,6.0099923857154476e-9,5.026484383883131e-9,7.259727562159553e-9
encode/UTCTime/fractional,1.126361199438649e-5,1.1261813856662153e-5,1.126643594920543e-5,7.724626576991033e-9,5.170221856335997e-9,1.2737940524954961e-8
encode/ZonedTime/whole,1.2273970814254352e-5,1.2269785718536106e-5,1.2277770898887206e-5,1.3986478567259821e-8,1.2122145779437495e-8,1.6142347981999337e-8
encode/ZonedTime/fractional,1.2581820634665179e-5,1.257860165829949e-5,1.2584701293307727e-5,1.0435030919903066e-8,8.426658274291209e-9,1.302316609214484e-8
