Name,Mean,MeanLB,MeanUB,Stddev,StddevLB,StddevUB
decode/UTCTime/whole,2.6306552644985003e-5,2.630137444057275e-5,2.6310809091296586e-5,1.6060197334528588e-8,1.3541371256759034e-8,2.0321195188470598e-8
decode/UTCTime/fractional,2.8141350414935404e-5,2.813568605171e-5,2.81482533853743e-5,2.1111511961643447e-8,1.6996409170875388e-8,2.9302658577917323e-8
decode/ZonedTime/whole,1.9523042124186076e-5,1.9520621944698768e-5,1.9525801898112197e-5,9.099315253658075e-9,7.67556644315378e-9,1.1080372755924184e-8
decode/ZonedTime/fractional,2.108692025571193e-5,2.1081502304440687e-5,2.1092246936140502e-5,1.7782936727786515e-8,1.4743895899744498e-8,2.4691441759399508e-8
encode/UTCTime/whole,1.0400286167941491e-5,1.0399072431334139e-5,1.0401743971523367e-5,4.3398071494196295e-9,3.5827554638673314e-9,5.765046326189959e-9
encode/UTCTime/fractional,1.1520585430554899e-5,1.151731020206714e-5,1.1523120868536345e-5,1.0121849706097844e-8,8.432458912077108e-9,1.2112332613722853e-8
encode/ZonedTime/whole,1.15894093349779e-5,1.1588109372016523e-5,1.1590852543898952e-5,4.6183810310458216e-9,3.9413206639443204e-9,5.7337008952722244e-9
encode/ZonedTime/fractional,1.2243251476901995e-5,1.224114012539456e-5,1.2245524682595245e-5,7.627981168262742e-9,6.087139448712246e-9,1.0035468169454197e-8
