Name,Mean,MeanLB,MeanUB,Stddev,StddevLB,StddevUB
twitter/aeson,2.739459547191545e-4,2.739082610954207e-4,2.740168423878189e-4,1.6342223811783685e-7,9.557108995940995e-8,2.820379607055793e-7
twitter/buffer-builder,3.2395390221527187e-4,3.2363579882580126e-4,3.242434056368154e-4,9.848675681090794e-7,8.492464300065495e-7,1.138534116439249e-6
twitter/json-builder,1.1142554810847005e-3,1.1132060369166796e-3,1.1152205627863712e-3,3.3860692802043e-6,2.8353144073187936e-6,4.133343506551669e-6
json-bench/aeson,1.0456602005669154e-3,1.0455420845310907e-3,1.0458649874599516e-3,5.148751476030772e-7,3.5323392179763195e-7,8.098677289553563e-7
json-bench/buffer-builder,6.615783709778693e-4,6.611064137381112e-4,6.620250689445395e-4,1.5505516639314981e-6,1.3584661291198971e-6,1.8020961206738691e-6
json-bench/json-builder,2.82180677507281e-3,2.81928982094481e-3,2.8249323729589975e-3,9.14652028609781e-6,6.999102326247947e-6,1.2799150638153268e-5
