Name,Mean,MeanLB,MeanUB,Stddev,StddevLB,StddevUB
listRank,8.314968035822245e-3,8.308793620628398e-3,8.319702806463467e-3,1.6075383099269773e-5,1.3062359329786066e-5,1.9333064154902754e-5
rootfix,3.545044834393201e-4,3.541228231031458e-4,3.5552837119160385e-4,1.8753768256051487e-6,2.9030872972892924e-7,3.8394065014776756e-6
leaffix,3.7257674087803666e-4,3.7219375008349417e-4,3.729542546005879e-4,1.3597610890698604e-6,8.975519449184155e-7,1.9282364424013927e-6
awshcc,2.6513663935955462e-2,2.649958216299382e-2,2.654026839972856e-2,4.465219131248252e-5,2.037680467902848e-5,8.113340437943498e-5
hybcc,1.959357264621202e-3,1.9473709726681792e-3,1.972159676440278e-3,4.0314073238786015e-5,3.368081056798739e-5,4.787249153090394e-5
quickhull,1.2410753061926842e-3,1.2397263037063945e-3,1.2443609876098393e-3,6.763992362983718e-6,3.8040448685806043e-6,1.0778860415040755e-5
spectral,3.1125248350647247e-4,3.112401703479629e-4,3.112743115797824e-4,5.16687112823037e-8,3.459384103951336e-8,7.663788236654039e-8
tridiag,4.913739527487393e-3,4.908900568696916e-3,4.920035900821637e-3,1.6439181997271267e-5,1.0678321278632597e-5,2.188302829823643e-5
