Name,Mean,MeanLB,MeanUB,Stddev,StddevLB,StddevUB
listRank,8.345067626894838e-3,8.33889428628773e-3,8.35049111589808e-3,1.6539094875413273e-5,1.3056410545040895e-5,2.2041377796355104e-5
rootfix,3.564587569069674e-4,3.555301846832793e-4,3.5797736017820984e-4,4.0137264448275935e-6,2.371920490485829e-6,5.806287281668806e-6
leaffix,3.712065489292589e-4,3.7065322152257446e-4,3.7193327066580175e-4,2.0366699778795884e-6,1.8866171769868426e-6,2.3364366465222656e-6
awshcc,2.6745517937184576e-2,2.6709354233324444e-2,2.676187312581082e-2,5.150608388402897e-5,2.851335767374387e-5,8.428747060446398e-5
hybcc,1.9883250102641255e-3,1.977499274884799e-3,2.000532397585711e-3,3.883107763783755e-5,3.3015174109154016e-5,4.708819940012843e-5
quickhull,1.2414380305414811e-3,1.2407840710000743e-3,1.241946576044414e-3,1.9853827789108176e-6,1.5933251754258914e-6,2.6059713932789123e-6
spectral,3.112359350797332e-4,3.112280492338802e-4,3.1124559455055997e-4,2.8592197568904434e-8,2.038346685385922e-8,4.441435794332166e-8
tridiag,4.878665748291344e-3,4.874364795820315e-3,4.884134199517164e-3,1.4704836403311845e-5,9.2157109409345e-6,2.4746235736912473e-5
