Name,Mean,MeanLB,MeanUB,Stddev,StddevLB,StddevUB
listRank,7.450663630589794e-3,7.443289051740538e-3,7.458162551986275e-3,2.105004619268427e-5,1.7664928255202317e-5,2.687293459788221e-5
rootfix,3.637493152327301e-4,3.6322589051281757e-4,3.641157631246485e-4,1.480398926730139e-6,1.0931909880753223e-6,2.185207750992763e-6
leaffix,3.7101500059394057e-4,3.703967916358313e-4,3.716150261097663e-4,2.0902260835767784e-6,1.793122054657654e-6,2.4316935573536436e-6
awshcc,2.5743618946133282e-2,2.5714770053216398e-2,2.5764955626527652e-2,5.3165507771612405e-5,3.57451856296159e-5,7.886226597973927e-5
hybcc,1.7973454829251e-3,1.7944956271544808e-3,1.8003217853049028e-3,9.797731739648005e-6,7.734926669052134e-6,1.252102581652157e-5
quickhull,1.2501632139113447e-3,1.2498933747806186e-3,1.250632262215493e-3,1.1567829100778613e-6,7.235087822885209e-7,2.0299819313019027e-6
spectral,3.1536137065249297e-4,3.1520118513980353e-4,3.155729951018427e-4,6.126740405028242e-7,4.6431188715287904e-7,7.09216322614077e-7
tridiag,4.891564097391302e-3,4.887710137660974e-3,4.895183404222251e-3,1.2270144717090734e-5,9.893679913110075e-6,1.6522587457132763e-5
