Name,Mean,MeanLB,MeanUB,Stddev,StddevLB,StddevUB
listRank,8.286070935893909e-3,8.279583169585136e-3,8.293504912003525e-3,2.0497200292453186e-5,1.5529997278702527e-5,2.704134333979946e-5
rootfix,3.6076023175814784e-4,3.5909094108864387e-4,3.629795494954874e-4,6.872025719027512e-6,5.728381667269604e-6,7.96938379137044e-6
leaffix,3.7302571091879196e-4,3.723903764447486e-4,3.737625234296836e-4,2.2385659612232005e-6,1.7850716101534938e-6,2.9567221398769323e-6
awshcc,2.686080314874335e-2,2.6654160969034793e-2,2.7478858001970165e-2,8.319164379314027e-4,4.9382930192344967e-5,1.6299937983473328e-3
hybcc,2.0809144642796717e-3,2.066558449365721e-3,2.095804647668063e-3,4.8161643708068045e-5,4.18818967094805e-5,5.9123601388246225e-5
quickhull,1.249633679166039e-3,1.2483837360759346e-3,1.251757544581422e-3,5.41153181238994e-6,3.9262588454652656e-6,7.966297106917906e-6
spectral,3.115898184238248e-4,3.114016609800778e-4,3.119447257071273e-4,8.834878514332768e-7,5.575963497853306e-7,1.2750683915874342e-6
tridiag,4.974609716986786e-3,4.964161467491693e-3,4.983445963089427e-3,2.972119622617391e-5,2.3630687070685345e-5,3.995477718383668e-5
