Name,Mean,MeanLB,MeanUB,Stddev,StddevLB,StddevUB
twitter/aeson,1.4849319966520714e-4,1.461548104174341e-4,1.5150827965138857e-4,9.387853304650753e-6,7.908150151623712e-6,1.0929590560678615e-5
twitter/buffer-builder,1.2513934711871685e-4,1.2370907822428144e-4,1.26666309766697e-4,5.134121464660993e-6,4.672071148535566e-6,6.0292441328259615e-6
twitter/json-builder,6.137314679146782e-4,6.107535670600952e-4,6.16141085394694e-4,9.565120394343641e-6,7.641749058659358e-6,1.2591685956018502e-5
json-bench/aeson,5.030443467163385e-4,5.00061232203996e-4,5.097665553579329e-4,1.4401699424880351e-5,7.829890515696864e-6,2.299346721826797e-5
json-bench/buffer-builder,2.8239929581592315e-4,2.8035682026815e-4,2.8678397535195223e-4,1.0531555246554111e-5,5.627982711157368e-6,1.942072584415418e-5
json-bench/json-builder,1.5414593437449635e-3,1.5305735293459162e-3,1.549029976311556e-3,3.140279196652226e-5,2.3887570700748436e-5,4.7409855664706034e-5
