Name,Mean,MeanLB,MeanUB,Stddev,StddevLB,StddevUB
twitter/aeson,1.5020241079173762e-4,1.4867861432725794e-4,1.5182281058836615e-4,5.519669271144931e-6,4.48269102953142e-6,6.903107795282849e-6
twitter/buffer-builder,1.2519283788656573e-4,1.2363932421539142e-4,1.2655136695464118e-4,5.0466988257677276e-6,4.643409168535628e-6,5.507305372472108e-6
twitter/json-builder,6.014673748225951e-4,5.996963107141069e-4,6.031224502936251e-4,5.989630790308444e-6,4.832006812121947e-6,7.662353858328075e-6
json-bench/aeson,4.841166230842803e-4,4.830006396456135e-4,4.852635225928789e-4,3.785241831514909e-6,3.114478493836918e-6,4.661287778641538e-6
json-bench/buffer-builder,2.8235696322307557e-4,2.8033412541933234e-4,2.8580066562745307e-4,9.180395389600335e-6,5.676162830041126e-6,1.6629507128812908e-5
json-bench/json-builder,1.5058394991819936e-3,1.4959464787285446e-3,1.515247135101312e-3,3.350252855997291e-5,2.766168060471304e-5,4.131357147240569e-5
