Name,Mean,MeanLB,MeanUB,Stddev,StddevLB,StddevUB
decode/UTCTime/whole,1.2212894780244736e-5,1.2085311439423887e-5,1.2320700203803143e-5,3.967661885616892e-7,3.0199147544433027e-7,5.413985639697166e-7
decode/UTCTime/fractional,1.1613502473411173e-5,1.1551336095139343e-5,1.1694325834195456e-5,2.4001175925113523e-7,1.781585648703387e-7,2.9963427097324956e-7
decode/ZonedTime/whole,9.685179341790086e-6,9.560564378343024e-6,9.814671556519139e-6,4.170802770112536e-7,3.755353629607025e-7,4.7119634319303585e-7
decode/ZonedTime/fractional,1.024773664161336e-5,1.0108634857482845e-5,1.0350932958875757e-5,3.9470162227948034e-7,3.1840375285423426e-7,4.887878231757037e-7
encode/UTCTime/whole,5.12223980776269e-6,5.054262655798929e-6,5.187770501931887e-6,2.3708165476385478e-7,2.1685830541200253e-7,2.630865206212476e-7
encode/UTCTime/fractional,5.290343869268687e-6,5.214541354656495e-6,5.374466918207647e-6,2.5274948908492e-7,2.1560938024069398e-7,2.899330086302173e-7
encode/ZonedTime/whole,5.328348678985289e-6,5.231593110801279e-6,5.440115207983762e-6,3.728720366666525e-7,3.2099151471020685e-7,4.113522060635447e-7
encode/ZonedTime/fractional,5.863144579808695e-6,5.736173056924087e-6,5.972968698856395e-6,3.9555714573241536e-7,3.5876028399487724e-7,4.320602499448042e-7
