Name,Mean,MeanLB,MeanUB,Stddev,StddevLB,StddevUB
twitter/aeson,1.643175630526527e-4,1.6361126549753962e-4,1.6475294048900265e-4,1.8989989160434706e-6,1.161480422180647e-6,3.0268305290535105e-6
twitter/buffer-builder,1.3032513703026345e-4,1.2869012286805543e-4,1.3183279209504057e-4,5.4296933612940905e-6,5.032668322179029e-6,5.992575605384706e-6
twitter/json-builder,6.297286708126117e-4,6.290574161741506e-4,6.302787475151166e-4,2.1370351533992265e-6,1.7228855148946146e-6,2.7916782004612797e-6
json-bench/aeson,5.168229702223351e-4,5.129512344276228e-4,5.212586694786578e-4,1.4258650650814117e-5,1.1892010347638574e-5,1.7951705878718468e-5
json-bench/buffer-builder,2.9009443545774654e-4,2.8783588853842416e-4,2.931792895003683e-4,8.565619417932251e-6,6.052044495050219e-6,1.2292346530619135e-5
json-bench/json-builder,1.5715383776510516e-3,1.5699343650781563e-3,1.5728764761405243e-3,4.869266119858033e-6,3.939598666530465e-6,6.526971599024603e-6
