Name,Mean,MeanLB,MeanUB,Stddev,StddevLB,StddevUB
string/text,1.8084804370123322e-7,1.7949867307436768e-7,1.8237690875255503e-7,4.890508842271167e-9,4.080944047591483e-9,5.931087064574107e-9
string/string direct,2.616743785356149e-7,2.609518145245398e-7,2.6315681672560535e-7,3.3088722703444595e-9,1.853921348209953e-9,5.193845815194261e-9
string/string via text,4.778590603199574e-7,4.7525183232793823e-7,4.894983767807641e-7,1.5538534595148955e-8,2.6606272538196695e-9,3.520875374171184e-8
