Name,Mean,MeanLB,MeanUB,Stddev,StddevLB,StddevUB
ffi,2.0330929842439614e-5,2.025494094976009e-5,2.0614133606189317e-5,4.0707171444354587e-7,1.1754684148571174e-7,8.692444927654616e-7
pure,9.62616277815783e-5,9.62474708462186e-5,9.628685443238627e-5,6.430480805246094e-8,4.362895892127245e-8,1.0068280792292841e-7
