Name,Mean,MeanLB,MeanUB,Stddev,StddevLB,StddevUB
ffi,2.0803959870587596e-5,2.0594562824727968e-5,2.111806401806304e-5,8.48803145958552e-7,6.363101086059957e-7,1.097860474587332e-6
pure,1.0517912572956182e-4,1.0514034977702779e-4,1.0524413764807478e-4,1.6062992332362888e-7,9.640997704683813e-8,2.4142375737949413e-7
