Name,Mean,MeanLB,MeanUB,Stddev,StddevLB,StddevUB
string/text,1.8115317094489523e-7,1.793592658034932e-7,1.8341595741080644e-7,6.729844999888994e-9,5.67346406926987e-9,7.881770003169364e-9
string/string direct,2.7424093257659655e-7,2.741857230857534e-7,2.743163680813077e-7,2.2883976832461103e-10,1.7648046588154018e-10,3.0783405610355353e-10
string/string via text,4.782946258971313e-7,4.7580419813279713e-7,4.832727211282639e-7,1.155243489140382e-8,7.606665409854819e-9,1.820884915877869e-8
