Name,Mean,MeanLB,MeanUB,Stddev,StddevLB,StddevUB
string/text,1.7442817516119117e-7,1.7354008440362043e-7,1.7613460015536581e-7,4.007485604000742e-9,2.395328590671158e-9,6.195656675851753e-9
string/string direct,2.6274845771887174e-7,2.615429903694211e-7,2.650375259227672e-7,5.42812068324855e-9,3.580200298205016e-9,9.303558288366047e-9
string/string via text,4.833854425731629e-7,4.808444726911461e-7,4.865305363951317e-7,9.343276057545117e-9,7.760870111777948e-9,1.2821165333625333e-8
