Name,Mean,MeanLB,MeanUB,Stddev,StddevLB,StddevUB
decode/UTCTime/whole,1.1550027231142772e-5,1.1474803637747705e-5,1.163633727751944e-5,2.725451825833263e-7,2.3019120523629644e-7,3.4459529823579094e-7
decode/UTCTime/fractional,1.1627737290994396e-5,1.1619380398797031e-5,1.164094548281181e-5,3.458990832425963e-8,2.5005525121813684e-8,4.8317860599281684e-8
decode/ZonedTime/whole,1.0028759643369407e-5,9.95843754069332e-6,1.0111705015731149e-5,2.629894925205611e-7,2.216980253815882e-7,3.227144039843755e-7
decode/ZonedTime/fractional,1.0293602908780637e-5,1.0239999459002186e-5,1.0352420450500698e-5,1.871018956544225e-7,1.5483853427520048e-7,2.386374339426732e-7
encode/UTCTime/whole,5.209478134439295e-6,5.15237758285804e-6,5.2540233841879474e-6,1.6416383264707056e-7,1.2137389320636718e-7,2.1055186025230114e-7
encode/UTCTime/fractional,5.452841293796675e-6,5.407696639714751e-6,5.489895602160144e-6,1.3443876009992303e-7,1.0810956507773465e-7,1.7076727611289073e-7
encode/ZonedTime/whole,5.8326309970637405e-6,5.7836681370175185e-6,5.864261178600407e-6,1.2595181743662358e-7,9.485790179565111e-8,1.6213110153681397e-7
encode/ZonedTime/fractional,5.6743268040326195e-6,5.627748244455542e-6,5.726638606784823e-6,1.637306139329372e-7,1.3772613264409333e-7,1.9150005346401115e-7
