Name,Mean,MeanLB,MeanUB,Stddev,StddevLB,StddevUB
decode/UTCTime/whole,1.0833646946558351e-5,1.0714457842706851e-5,1.0963922574896888e-5,4.137218323406746e-7,3.493009702222117e-7,5.109665690880961e-7
decode/UTCTime/fractional,1.0976724772318524e-5,1.0963402990278568e-5,1.1003244368878258e-5,5.8279913907378e-8,4.038748845945676e-8,9.277445848752592e-8
decode/ZonedTime/whole,8.470580030564728e-6,8.422333383645002e-6,8.558934068968795e-6,2.04364703232296e-7,1.3463951473790935e-7,3.2263137853666085e-7
decode/ZonedTime/fractional,9.046827801216649e-6,8.993143938366465e-6,9.132373238914505e-6,2.1978582961473953e-7,1.5653608280576532e-7,3.1981378689734604e-7
encode/UTCTime/whole,5.1355660825675426e-6,5.08939920350914e-6,5.1805326025348235e-6,1.6031313493402876e-7,1.3582114634049648e-7,1.9383112866658917e-7
encode/UTCTime/fractional,5.504455422423734e-6,5.478156373257057e-6,5.531425786168945e-6,8.718870979196334e-8,7.2576898547003e-8,1.0877553343801589e-7
encode/ZonedTime/whole,5.537054625806239e-6,5.465068380427908e-6,5.608276133429619e-6,2.524855079214463e-7,2.189627552480343e-7,2.939254970219683e-7
encode/ZonedTime/fractional,5.750375729545291e-6,5.701020255512484e-6,5.7988544562832356e-6,1.6360559683544568e-7,1.3518917124150288e-7,2.0207016823737565e-7
