Name,Mean,MeanLB,MeanUB,Stddev,StddevLB,StddevUB
string/text,1.7162190380457912e-7,1.710877226904607e-7,1.7254477155028057e-7,2.2893428735824957e-9,1.260953450267927e-9,3.6171959495800965e-9
string/string direct,2.7328706949071296e-7,2.7315668653560645e-7,2.734681668292797e-7,4.994148246790051e-10,4.0040758126220807e-10,6.095353772222964e-10
string/string via text,5.017789929922322e-7,4.970172159662756e-7,5.065349358207457e-7,1.679775343365046e-8,1.4774062015685361e-8,1.8821481826623283e-8
