Name,Mean,MeanLB,MeanUB,Stddev,StddevLB,StddevUB
ffi,2.1963186459621167e-5,2.1467810070394955e-5,2.249373770763344e-5,1.6532051083575815e-6,1.4630017860836982e-6,1.8821941326912992e-6
pure,9.867122035254821e-5,9.863064266969156e-5,9.872412152480053e-5,1.5205183891750322e-7,1.197937105902162e-7,1.9451265502388014e-7
