Name,Mean,MeanLB,MeanUB,Stddev,StddevLB,StddevUB
ffi,2.0266368261576736e-5,2.023693355156671e-5,2.039919322179697e-5,1.7756448762223345e-7,2.860571078119471e-8,4.0319348508932845e-7
pure,1.0756555402351901e-4,1.0748390120109503e-4,1.0771513313819706e-4,3.6644375178407055e-7,2.478179154407179e-7,5.201192822122055e-7
