Name,Mean,MeanLB,MeanUB,Stddev,StddevLB,StddevUB
decode/UTCTime/whole,1.1025725201373315e-5,1.0855897109381919e-5,1.118761090352101e-5,5.243945903382833e-7,4.5657750263411985e-7,5.895614618515773e-7
decode/UTCTime/fractional,1.0794602121025435e-5,1.0725445699263906e-5,1.0895786724458128e-5,2.8341679910361194e-7,2.1572786389728756e-7,3.7139987611422867e-7
decode/ZonedTime/whole,8.756387041244339e-6,8.644580902034053e-6,8.880900586341105e-6,3.997642440626709e-7,3.4507879846764535e-7,4.547490119384301e-7
decode/ZonedTime/fractional,8.654263687201545e-6,8.624862138799771e-6,8.68875980201053e-6,1.0877886061357007e-7,8.8061990818637e-8,1.3804851805340158e-7
encode/UTCTime/whole,4.920407709935089e-6,4.887203041961363e-6,4.968093023259982e-6,1.2595756059956742e-7,1.0245417411204729e-7,1.6776269554994445e-7
encode/UTCTime/fractional,5.173805941310998e-6,5.143180387870249e-6,5.227348790103197e-6,1.3541951898449502e-7,9.635527039745893e-8,1.8534016662778978e-7
encode/ZonedTime/whole,5.152511099210201e-6,5.134863443479324e-6,5.1933519876362375e-6,8.857980355344297e-8,3.9592363763477946e-8,1.641539572339054e-7
encode/ZonedTime/fractional,5.504608120299436e-6,5.474271277653146e-6,5.574145668488254e-6,1.4905468588532736e-7,7.659083871084614e-8,2.701174222763322e-7
