Name,Mean,MeanLB,MeanUB,Stddev,StddevLB,StddevUB
twitter/aeson,1.4674759896028076e-4,1.4508985642441039e-4,1.4926835802864607e-4,6.737350727760336e-6,4.875377875570467e-6,8.479738350314094e-6
twitter/buffer-builder,1.2487511257413704e-4,1.234307319663265e-4,1.2618994787183264e-4,4.95948361059485e-6,4.6404516706049426e-6,5.34337159695682e-6
twitter/json-builder,6.039008056241312e-4,6.005714091820841e-4,6.069120323613494e-4,1.0731134012465446e-5,9.283214900108263e-6,1.2655600448899028e-5
json-bench/aeson,4.8326990298886384e-4,4.818073411859047e-4,4.853625849224159e-4,5.709167082290844e-6,4.386278869873553e-6,7.908168621476951e-6
json-bench/buffer-builder,2.81877078685686e-4,2.803484329588994e-4,2.845456304190969e-4,6.558383269513978e-6,4.353033316213992e-6,1.0587975070927079e-5
json-bench/json-builder,1.527452231894526e-3,1.5149412005726719e-3,1.5371092173965051e-3,3.5974994027195996e-5,2.962788007869458e-5,4.628765070127351e-5
