Name,Mean,MeanLB,MeanUB,Stddev,StddevLB,StddevUB
twitter/aeson,1.43295951745433e-4,1.418487560938393e-4,1.4531802933826724e-4,5.65106748848599e-6,4.061650542442852e-6,7.271582062666314e-6
twitter/buffer-builder,1.2808466509353153e-4,1.2664954211700724e-4,1.294721174918797e-4,4.8751509857850326e-6,4.49140130127788e-6,5.289183920248221e-6
twitter/json-builder,6.223837017495326e-4,6.188135372226179e-4,6.246949438351931e-4,9.361583677952454e-6,7.116029480966696e-6,1.3251956874309742e-5
json-bench/aeson,4.800821468491361e-4,4.7904841463596075e-4,4.812827036111453e-4,3.7187273573753996e-6,3.0847049984751533e-6,4.468642399839513e-6
json-bench/buffer-builder,2.871082851266307e-4,2.8399871762124437e-4,2.933648251858088e-4,1.413724008538681e-5,7.90523285829477e-6,2.2669861586584937e-5
json-bench/json-builder,1.597300281698285e-3,1.5831104603738731e-3,1.6104904473246133e-3,4.639805351671059e-5,3.88557442683308e-5,5.57527601204841e-5
