Name,Mean,MeanLB,MeanUB,Stddev,StddevLB,StddevUB
ffi,2.413175773812337e-5,2.3906412003764036e-5,2.4280874013401432e-5,6.300015641439976e-7,4.538031321013171e-7,9.679771464931608e-7
pure,9.904680873814382e-5,9.903394174105e-5,9.907661146007277e-5,6.350336914925143e-8,2.7477459063989838e-8,1.2354338230666658e-7
