Name,Mean,MeanLB,MeanUB,Stddev,StddevLB,StddevUB
twitter/aeson,1.6243786064708556e-4,1.6023561286130112e-4,1.6405590724132054e-4,6.074523603029093e-6,4.602664289252924e-6,8.182447235610937e-6
twitter/buffer-builder,1.247289421806872e-4,1.230983718838796e-4,1.2625918259217956e-4,5.398255591000303e-6,4.964522206280563e-6,6.32737028837683e-6
twitter/json-builder,6.295462703206172e-4,6.271574664161026e-4,6.336008422290085e-4,1.0213178028660184e-5,6.272944018198237e-6,2.0984281134017827e-5
json-bench/aeson,4.97100114246591e-4,4.942053705897879e-4,5.032364379935148e-4,1.3898047982834011e-5,7.021213482539915e-6,2.581115108704871e-5
json-bench/buffer-builder,2.795549754278694e-4,2.7838717004308465e-4,2.810988383778495e-4,4.617243092666549e-6,3.6560348769445596e-6,5.761315921745292e-6
json-bench/json-builder,1.5485777505468397e-3,1.5385152689820988e-3,1.5565856459505223e-3,3.0067656012210532e-5,2.4107539713663604e-5,3.7253140316028345e-5
