Name,Mean,MeanLB,MeanUB,Stddev,StddevLB,StddevUB
string/text,1.7761407990910835e-7,1.7613537650453356e-7,1.7951174523027753e-7,5.689666559594429e-9,4.6892664310701565e-9,7.0114690191265595e-9
string/string direct,2.737687416701793e-7,2.705967153517659e-7,2.7700922445251307e-7,1.1406329568511033e-8,9.860523332005186e-9,1.2851880158767394e-8
string/string via text,5.007291038696306e-7,4.950806852282236e-7,5.064931117099436e-7,1.8995199376523678e-8,1.679005769514014e-8,2.1339893686898186e-8
