Name,Mean,MeanLB,MeanUB,Stddev,StddevLB,StddevUB
ffi,2.0596197038449346e-5,2.046442226423117e-5,2.0776361457809903e-5,5.256690793965226e-7,4.0554600306181226e-7,7.768127417316361e-7
pure,1.0635978356100187e-4,1.0598058835349747e-4,1.06795662224655e-4,1.4044962265447395e-6,1.3362097888302949e-6,1.4699375981724753e-6
