Name,Mean,MeanLB,MeanUB,Stddev,StddevLB,StddevUB
twitter/aeson,1.5921545544759908e-4,1.5606927166525062e-4,1.6214964864658352e-4,9.593714382905378e-6,8.25693395650728e-6,1.0702303460574411e-5
twitter/buffer-builder,1.255582934165751e-4,1.2409283649439688e-4,1.2698283052359612e-4,4.8231858592230605e-6,4.43528990280093e-6,5.426831612072714e-6
twitter/json-builder,6.08028491459052e-4,6.055442013295589e-4,6.106044553014622e-4,8.610215482310606e-6,7.311639868309612e-6,1.0461575043380037e-5
json-bench/aeson,4.864862781232998e-4,4.8498918387801743e-4,4.891531399233561e-4,6.4618837435582006e-6,4.2991006926797325e-6,1.1263994498863018e-5
json-bench/buffer-builder,2.813328435203524e-4,2.7956315416687315e-4,2.839453076041039e-4,6.929366604754515e-6,5.153653089229288e-6,9.671916975472217e-6
json-bench/json-builder,1.5276515526459595e-3,1.5167863437362328e-3,1.5353224101307906e-3,3.103913180700461e-5,2.305933639534568e-5,4.134198364736999e-5
