Name,Mean,MeanLB,MeanUB,Stddev,StddevLB,StddevUB
twitter/aeson,1.443417473343777e-4,1.4306108989743072e-4,1.4629712781929078e-4,4.923284926864315e-6,3.259574736507003e-6,7.333467952594577e-6
twitter/buffer-builder,1.253443613970339e-4,1.2379310138262912e-4,1.2683139082581438e-4,5.0891701203098094e-6,4.5958738249447655e-6,5.580724305352691e-6
twitter/json-builder,5.996582393152888e-4,5.962912990298946e-4,6.040032194038949e-4,1.299453890793454e-5,1.1379007823059214e-5,1.4930037001358464e-5
json-bench/aeson,4.8339844578708526e-4,4.8204963443647186e-4,4.863272171029476e-4,6.3754137234875106e-6,4.107787073970357e-6,1.1302715314024052e-5
json-bench/buffer-builder,2.800717161250478e-4,2.789872028736676e-4,2.816499325847853e-4,4.393630374076011e-6,3.4213777712126844e-6,5.84132981421157e-6
json-bench/json-builder,1.5263646200000772e-3,1.5081527557279533e-3,1.5392693579963901e-3,5.025794013519227e-5,4.011337898195494e-5,6.643671336159199e-5
