Name,Mean,MeanLB,MeanUB,Stddev,StddevLB,StddevUB
decode/UTCTime/whole,1.1962054266588151e-5,1.1850690569583274e-5,1.2089495329314402e-5,3.8859239412119196e-7,3.351614640089219e-7,4.6198795849262804e-7
decode/UTCTime/fractional,1.1674608681290192e-5,1.1621669478655631e-5,1.173705687905901e-5,1.843879928600873e-7,1.5624038850493654e-7,2.652561571774888e-7
decode/ZonedTime/whole,9.544159063045415e-6,9.433372231958157e-6,9.669372359496649e-6,3.92097696995232e-7,3.340715804191876e-7,4.4816198593372705e-7
decode/ZonedTime/fractional,1.0079900096767792e-5,9.971989346158454e-6,1.0167783001997064e-5,3.2537440950529e-7,2.7124057111106713e-7,3.898587259401752e-7
encode/UTCTime/whole,5.0808723985248885e-6,5.026059289040596e-6,5.134688728157498e-6,1.7460358497766077e-7,1.4829918451964087e-7,2.0551235356282582e-7
encode/UTCTime/fractional,5.201410936774733e-6,5.1837247002947855e-6,5.217383616729235e-6,5.803010907093261e-8,4.5091004939412774e-8,7.608179405791046e-8
encode/ZonedTime/whole,5.089446575264746e-6,5.0466401626525795e-6,5.157752113648608e-6,1.7469344057655446e-7,1.2716494326248529e-7,2.44651434852185e-7
encode/ZonedTime/fractional,5.815145831169032e-6,5.721038894105892e-6,5.896055053252191e-6,2.93071306480713e-7,2.5095304744735214e-7,3.433055161691196e-7
