Name,Mean,MeanLB,MeanUB,Stddev,StddevLB,StddevUB
ffi,2.2249409631235853e-5,2.1740735713147168e-5,2.2853799055575023e-5,1.88215337758552e-6,1.7061127392906786e-6,2.0637294226193484e-6
pure,9.851756949953968e-5,9.848542293180194e-5,9.855175036512627e-5,1.1192273890986357e-7,9.804744055574863e-8,1.261351474553022e-7
