Name,Mean,MeanLB,MeanUB,Stddev,StddevLB,StddevUB
decode/UTCTime/whole,1.130862306186178e-5,1.1158308255090233e-5,1.1463217339947267e-5,5.178694116607898e-7,4.431702331328354e-7,6.272975870570968e-7
decode/UTCTime/fractional,1.0813339796118622e-5,1.0728941307382302e-5,1.0938756642026677e-5,3.603325648305091e-7,2.5872708344663713e-7,4.7421819923017887e-7
decode/ZonedTime/whole,8.997922783912504e-6,8.839663897842896e-6,9.153742589140143e-6,5.024845498366595e-7,4.54860558094053e-7,5.471578220350442e-7
decode/ZonedTime/fractional,8.645122579396938e-6,8.628297428367552e-6,8.676248242689267e-6,8.309446840182497e-8,5.013812261329588e-8,1.367567269702432e-7
encode/UTCTime/whole,5.0541256000709925e-6,4.99099522661699e-6,5.116771880609257e-6,2.161680821128619e-7,1.9933596145586275e-7,2.3010965386050718e-7
encode/UTCTime/fractional,5.279236000381794e-6,5.2261359940059866e-6,5.338565755390037e-6,1.92435092307498e-7,1.6101364920069333e-7,2.1981505505986959e-7
encode/ZonedTime/whole,5.177351678695267e-6,5.16001573201276e-6,5.217406724989161e-6,7.974107698802489e-8,4.7314608920210365e-8,1.388596773927389e-7
encode/ZonedTime/fractional,5.567967749711515e-6,5.510787137864129e-6,5.646101580117543e-6,2.276976492524342e-7,1.653150472698395e-7,3.11642281835342e-7
