Name,Mean,MeanLB,MeanUB,Stddev,StddevLB,StddevUB
decode/UTCTime/whole,1.2244520012392704e-5,1.209478965047027e-5,1.2371899044706973e-5,4.3958350886404734e-7,3.4980149775042085e-7,5.352800443149174e-7
decode/UTCTime/fractional,1.1708763464521514e-5,1.1706848560333564e-5,1.1711016988341882e-5,6.721498468730291e-9,5.409563703785556e-9,8.651895685234045e-9
decode/ZonedTime/whole,1.027756365612581e-5,1.0231160781878728e-5,1.031764787041333e-5,1.4850386637231683e-7,1.2026643366005726e-7,1.842162816542589e-7
decode/ZonedTime/fractional,1.0489002661169817e-5,1.0430270677605213e-5,1.0540277308063787e-5,1.8104680824808307e-7,1.4350064977308052e-7,2.385069647994488e-7
encode/UTCTime/whole,5.299400758472837e-6,5.264072606446033e-6,5.315901149424454e-6,7.777763765256825e-8,4.6641606527745885e-8,1.4576767356236406e-7
encode/UTCTime/fractional,5.617197178176691e-6,5.57569351777286e-6,5.641963629099826e-6,1.0901884216397176e-7,6.542934083396902e-8,1.748767302027137e-7
encode/ZonedTime/whole,5.785701006926453e-6,5.7253172907719095e-6,5.8207247255392625e-6,1.5118352138131461e-7,9.65154080495362e-8,2.5031142408876334e-7
encode/ZonedTime/fractional,5.61170047487681e-6,5.569964664354546e-6,5.6620110081657375e-6,1.6423421938290713e-7,1.355105708649003e-7,1.9127785180500147e-7
