Name,Mean,MeanLB,MeanUB,Stddev,StddevLB,StddevUB
string/text,1.7541084789449158e-7,1.7366725244291533e-7,1.7785495075182166e-7,7.2064261467050786e-9,5.88038676738432e-9,8.66348819395176e-9
string/string direct,2.7367801632048476e-7,2.734574550789933e-7,2.738663489563089e-7,6.883337302746216e-10,5.716462398587747e-10,8.295963706784137e-10
string/string via text,5.138410843561929e-7,5.108113349188488e-7,5.164963772820446e-7,9.67153589861856e-9,7.361706885324359e-9,1.2536152929563096e-8
