Name,Mean,MeanLB,MeanUB,Stddev,StddevLB,StddevUB
twitter/aeson,1.478995717796326e-4,1.463919975469287e-4,1.499233364161867e-4,5.815684879572207e-6,4.382120657800455e-6,7.428317325943176e-6
twitter/buffer-builder,1.2496001418560185e-4,1.2342423688735006e-4,1.2663535797504235e-4,5.329593815021917e-6,4.950488410775707e-6,5.813956031836771e-6
twitter/json-builder,6.020250681112154e-4,5.997951094812465e-4,6.043514726805828e-4,7.770519445489623e-6,6.553929118728859e-6,9.218225901261526e-6
json-bench/aeson,4.8702451518847393e-4,4.8514364174974135e-4,4.891044608949228e-4,6.874493881047687e-6,5.425807532495855e-6,8.760885729640647e-6
json-bench/buffer-builder,2.8070486883443566e-4,2.7915053619661834e-4,2.833342553726815e-4,6.6614549638894455e-6,4.548016641504087e-6,9.273653213663762e-6
json-bench/json-builder,1.5096009588742604e-3,1.4985237291231734e-3,1.5181057663403732e-3,3.223653703770573e-5,2.6481921529758012e-5,3.874513765174773e-5
