Name,Mean,MeanLB,MeanUB,Stddev,StddevLB,StddevUB
string/text,1.7936367370770711e-7,1.7765429609346688e-7,1.8138930041564983e-7,6.027909259372086e-9,5.117187773828367e-9,7.163757015555271e-9
string/string direct,2.66207536257843e-7,2.6473151941560775e-7,2.679701208179367e-7,5.474544105598039e-9,4.688746118907216e-9,6.7600180425206285e-9
string/string via text,5.07288300613045e-7,5.005503772641844e-7,5.126497064186115e-7,2.0046177718756147e-8,1.6950805162241844e-8,2.234686420582697e-8
