Name,Mean,MeanLB,MeanUB,Stddev,StddevLB,StddevUB
string/text,1.7701973607695308e-7,1.75262614586806e-7,1.7935341292900185e-7,6.638506896024265e-9,4.717879378745804e-9,8.789852537631171e-9
string/string direct,2.755290981107968e-7,2.7532108365817654e-7,2.7622887785728457e-7,1.1453577981959168e-9,3.35141860181399e-10,2.3249635578986986e-9
string/string via text,4.7681591294131444e-7,4.751658177285593e-7,4.795521986993724e-7,6.884429232265053e-9,4.630594716537276e-9,9.005360512381505e-9
