Name,Mean,MeanLB,MeanUB,Stddev,StddevLB,StddevUB
ffi,2.030152312421301e-5,2.0246240949950278e-5,2.0422137433272013e-5,2.602101518275839e-7,1.1698617182428288e-7,5.055316281001319e-7
pure,1.0726726666259483e-4,1.0725072158404602e-4,1.0728978203794303e-4,6.799820381677115e-8,5.251755413799683e-8,9.087740607160535e-8
