Name,Mean,MeanLB,MeanUB,Stddev,StddevLB,StddevUB
string/text,1.8056862565778633e-7,1.7890604955629312e-7,1.8248183154427105e-7,5.959410210924419e-9,4.978306649514495e-9,6.9739404806964626e-9
string/string direct,2.639129747070694e-7,2.617683582789212e-7,2.674111440906512e-7,9.49934882098758e-9,6.360908525279394e-9,1.3323439213579185e-8
string/string via text,4.775987920298282e-7,4.7542197617599987e-7,4.810487285504276e-7,8.41900307021794e-9,5.774783188946255e-9,1.197511034265671e-8
