Name,Mean,MeanLB,MeanUB,Stddev,StddevLB,StddevUB
twitter/aeson,1.4312955216332519e-4,1.4280910463054228e-4,1.4376679298795027e-4,1.4779762236830987e-6,9.000677166756597e-7,2.463109384222576e-6
twitter/buffer-builder,1.259516453458256e-4,1.2456892793004121e-4,1.2753191440468832e-4,4.791015405202099e-6,4.467474857583458e-6,5.279121881648958e-6
twitter/json-builder,5.876688767475075e-4,5.864188260077604e-4,5.89062838252476e-4,4.6246467741003355e-6,3.713375165859407e-6,6.3288375664617875e-6
json-bench/aeson,4.8043713684845575e-4,4.797194338681469e-4,4.8185941798665317e-4,3.2109502428055893e-6,2.080541692556756e-6,5.433865680831528e-6
json-bench/buffer-builder,2.81541282405397e-4,2.8048980011445687e-4,2.8314503122673366e-4,4.2359052610941315e-6,3.3799250437228036e-6,5.044515603253104e-6
json-bench/json-builder,1.4666356651780513e-3,1.4548440645488533e-3,1.4768324516973275e-3,3.853716653213754e-5,3.1860303873715344e-5,4.697246928103922e-5
