Name,Mean,MeanLB,MeanUB,Stddev,StddevLB,StddevUB
ffi,2.0315214930794626e-5,2.0254727464517867e-5,2.0467774108865245e-5,2.8904202965445037e-7,9.073673632995641e-8,5.979588099140502e-7
pure,1.0522376219034748e-4,1.0504148121334933e-4,1.0567290861427265e-4,9.001829338230188e-7,4.795023695935745e-7,1.5681030859995047e-6
