Name,Mean,MeanLB,MeanUB,Stddev,StddevLB,StddevUB
decode/UTCTime/whole,1.1084292047582538e-5,1.0910279752166074e-5,1.1245162296245902e-5,5.393188354740841e-7,4.585710227250529e-7,6.16121540737124e-7
decode/UTCTime/fractional,1.0995386862999715e-5,1.0983205600050629e-5,1.101911239554052e-5,5.3145994050363483e-8,2.9847750171847556e-8,8.512208415700163e-8
decode/ZonedTime/whole,8.401999622349266e-6,8.383182721303604e-6,8.435850218616454e-6,8.45163518043066e-8,5.968515573357668e-8,1.3515278025250694e-7
decode/ZonedTime/fractional,8.986152455885393e-6,8.950560838261861e-6,9.095851296403321e-6,1.919814611270168e-7,9.204210706657622e-8,3.685558521007513e-7
encode/UTCTime/whole,5.2213725665794285e-6,5.176090630242243e-6,5.258427122606716e-6,1.4064071008900194e-7,1.1115731050451352e-7,1.8229662570680998e-7
encode/UTCTime/fractional,5.56518974314546e-6,5.532633639555686e-6,5.5872568888437195e-6,9.059616386121349e-8,7.064682605860363e-8,1.194150725256246e-7
encode/ZonedTime/whole,5.75844918608882e-6,5.6949850915439975e-6,5.814832565811837e-6,2.1382452423054923e-7,1.585774837282108e-7,2.8284508151334587e-7
encode/ZonedTime/fractional,5.76963090774683e-6,5.702892129851772e-6,5.840803555900594e-6,2.285869293611727e-7,1.9356842503157097e-7,2.7384481342328726e-7
