Name,Mean,MeanLB,MeanUB,Stddev,StddevLB,StddevUB
twitter/aeson,1.6524889715750793e-4,1.6483171833884462e-4,1.6559045187727233e-4,1.2310953940412992e-6,1.0119171799955877e-6,1.6112434509219966e-6
twitter/buffer-builder,1.2976950704227184e-4,1.2835281494393686e-4,1.3122808807034932e-4,5.0287628183429065e-6,4.578378213003808e-6,5.511125850563642e-6
twitter/json-builder,6.315690698020971e-4,6.310128607042437e-4,6.320912606166916e-4,1.8009140915637076e-6,1.4966468985583729e-6,2.231846779806931e-6
json-bench/aeson,5.079971812077549e-4,5.045004972127464e-4,5.118797419223274e-4,1.18821503718873e-5,9.313074321563119e-6,1.615000516304927e-5
json-bench/buffer-builder,2.8773752265663915e-4,2.862248669991609e-4,2.9024907924776993e-4,6.1370604372041456e-6,4.166181008107365e-6,9.56011163931529e-6
json-bench/json-builder,1.5781135519237805e-3,1.576886592400359e-3,1.5793652838758032e-3,4.325278491003283e-6,3.5399951527224384e-6,5.421937146985044e-6
