Name,Mean,MeanLB,MeanUB,Stddev,StddevLB,StddevUB
twitter/aeson,1.4523978620791165e-4,1.4357085099162177e-4,1.4822131178825573e-4,6.978062097919582e-6,4.5419703399147e-6,1.0253955279443407e-5
twitter/buffer-builder,1.246464392379799e-4,1.2337252850898024e-4,1.2613724053087662e-4,4.940697505007481e-6,4.516690525311325e-6,5.411775460124837e-6
twitter/json-builder,6.134039721501169e-4,6.099689653958878e-4,6.167594288999026e-4,1.086033415764693e-5,9.265094492297979e-6,1.2941613210248613e-5
json-bench/aeson,4.947154658468798e-4,4.926018228366687e-4,4.975026972043488e-4,8.102348307225931e-6,6.1823258868643905e-6,1.1850275772873355e-5
json-bench/buffer-builder,2.8673434400552634e-4,2.833875906993487e-4,2.934055533294278e-4,1.4716214091512421e-5,9.008796178421463e-6,2.0960351694202277e-5
json-bench/json-builder,1.54009776033228e-3,1.5276982190578583e-3,1.549105508462701e-3,3.3160976109361946e-5,2.5000078939427065e-5,4.376376196341306e-5
