Name,Mean,MeanLB,MeanUB,Stddev,StddevLB,StddevUB
ffi,2.030513315484408e-5,2.0263978632659802e-5,2.037287517276027e-5,1.8702482304208464e-7,1.2002702838800754e-7,2.9592817093545886e-7
pure,9.621457353221834e-5,9.620003302022056e-5,9.623649873754961e-5,5.829075206079534e-8,4.024314792436735e-8,8.62849288062206e-8
