Name,Mean,MeanLB,MeanUB,Stddev,StddevLB,StddevUB
listRank,7.519237387741897e-3,7.492483967784044e-3,7.643959830147739e-3,1.4086001460836538e-4,1.4518864013255946e-5,3.138002637366731e-4
rootfix,3.6260151140333466e-4,3.6207639656423086e-4,3.629576920042062e-4,1.505075903598652e-6,1.2292014394002913e-6,2.2053470872850703e-6
leaffix,3.6991069434956676e-4,3.6907703493711867e-4,3.706923187321233e-4,2.654829648917749e-6,2.120725400262058e-6,3.355526672126294e-6
awshcc,2.5536043165503983e-2,2.546804158807348e-2,2.5592855439277237e-2,1.3615478308290493e-4,8.052459014963512e-5,2.475707894464355e-4
hybcc,2.3434705903197604e-3,2.341379704834983e-3,2.346084056768117e-3,7.952218413245914e-6,6.0733076893766275e-6,1.1033331023292501e-5
quickhull,1.2514940762728963e-3,1.2511392931641848e-3,1.2520339321547712e-3,1.4412984689148788e-6,1.050700147924493e-6,2.220516391360995e-6
spectral,3.1553389880498183e-4,3.153655352860711e-4,3.157518999684199e-4,6.419989706893479e-7,5.3897432188004e-7,7.276600682114983e-7
tridiag,4.896837082423729e-3,4.8923289076926455e-3,4.903825204677834e-3,1.7596801100105393e-5,1.1835426938368821e-5,2.8857323980613423e-5
