Name,Mean,MeanLB,MeanUB,Stddev,StddevLB,StddevUB
listRank,8.342549628716068e-3,8.31449472056593e-3,8.370817657118714e-3,7.880465031907879e-5,6.596712584456703e-5,9.231179186814432e-5
rootfix,3.5920539587013005e-4,3.5775037134561723e-4,3.6105136681294887e-4,5.790037141622536e-6,4.517163739908173e-6,7.204019838613374e-6
leaffix,3.7451526541160016e-4,3.729673288140732e-4,3.7649059908421956e-4,5.750850825769134e-6,4.559031934327295e-6,7.323119877978253e-6
awshcc,2.620946743827957e-2,2.6192352598011646e-2,2.62245566746438e-2,3.645610340779691e-5,1.8821229932575707e-5,5.972041429745221e-5
hybcc,2.566518690939986e-3,2.562140590519144e-3,2.5715584066280913e-3,1.5306448655548825e-5,1.2492874998462937e-5,1.7799189055243283e-5
quickhull,1.2361102528193962e-3,1.2355982948448075e-3,1.2366203320813768e-3,1.6838358481453317e-6,1.4152812292515656e-6,1.984357407529918e-6
spectral,3.112483169230336e-4,3.1123839626366335e-4,3.112700554896942e-4,4.480491296198776e-8,2.183427812466724e-8,8.311412122679037e-8
tridiag,4.86941349429333e-3,4.863672040147909e-3,4.87756269680918e-3,2.066534179787956e-5,1.4859113229771448e-5,3.2558608860007085e-5
