Name,Mean,MeanLB,MeanUB,Stddev,StddevLB,StddevUB
listRank,8.311903396634032e-3,8.284091679862724e-3,8.353909339094598e-3,9.571024696439567e-5,6.776431637739893e-5,1.385429009734606e-4
rootfix,3.5571014220445825e-4,3.549906329524717e-4,3.5713222758698476e-4,3.3331659002935296e-6,1.7121809792295506e-6,5.684236011993689e-6
leaffix,3.725952323007593e-4,3.7197931720904217e-4,3.735392539804758e-4,2.423815118500144e-6,1.5741195952005267e-6,4.012647891834756e-6
awshcc,2.6639024627466045e-2,2.6593634623505537e-2,2.669003727264116e-2,1.1237478377121018e-4,7.300251427865151e-5,1.7694285422773984e-4
hybcc,2.4774499517450617e-3,2.4728949415607155e-3,2.484838480355419e-3,1.9230553392730207e-5,1.3565034963984844e-5,3.2613937708999595e-5
quickhull,1.2400602510352912e-3,1.2388189832861374e-3,1.2433711080863002e-3,6.141131654170209e-6,8.763126371906751e-7,1.1510517986176043e-5
spectral,3.114355255412293e-4,3.1131330616431235e-4,3.1166649238161453e-4,5.448624059836095e-7,3.18850911889949e-7,7.981585757137529e-7
tridiag,4.931677737239407e-3,4.927509497882423e-3,4.937622418812825e-3,1.609077594597203e-5,1.268310118234531e-5,2.0050808301693064e-5
