Name,Mean,MeanLB,MeanUB,Stddev,StddevLB,StddevUB
listRank,8.057302438272788e-3,8.051333063994299e-3,8.069662912592628e-3,2.2825026069329403e-5,1.2510043339917664e-5,4.018411352030208e-5
rootfix,3.5911311425734565e-4,3.575230375168889e-4,3.6128207467075654e-4,6.445141298566324e-6,5.036792896222148e-6,7.663940734707031e-6
leaffix,3.770797898886714e-4,3.762127293043296e-4,3.7802720084055617e-4,2.995216334383373e-6,2.612360114463021e-6,3.3654527131610854e-6
awshcc,2.6526142381351998e-2,2.64715398870069e-2,2.654687886154417e-2,6.981083403754813e-5,2.4759956960705893e-5,1.3514506096015016e-4
hybcc,2.562608186279338e-3,2.5595478165843476e-3,2.565995918916818e-3,1.112541630000835e-5,9.041516785259548e-6,1.4314561083437917e-5
quickhull,1.2541108022510457e-3,1.2514169705325597e-3,1.2577613811065454e-3,1.1135287753245896e-5,8.644427208986142e-6,1.3407667619047612e-5
spectral,3.1140830673487486e-4,3.1134339084502703e-4,3.115257456739085e-4,2.9116614735984234e-7,1.7781713475562633e-7,4.3156142883374684e-7
tridiag,4.9086931576951e-3,4.901487859755753e-3,4.9166246471389115e-3,2.331187369778754e-5,1.9203674633907148e-5,2.8393352959239e-5
