Name,Mean,MeanLB,MeanUB,Stddev,StddevLB,StddevUB
string/text,1.7499868858427194e-7,1.7419802332458555e-7,1.7658005429328576e-7,3.869250406454764e-9,2.371440414717281e-9,5.758237122317972e-9
string/string direct,2.77755587232869e-7,2.7719163036177904e-7,2.791588607485912e-7,2.7381530973816593e-9,1.1708613636520796e-9,5.672308863439249e-9
string/string via text,4.757235711525171e-7,4.7438652387101376e-7,4.775786554128547e-7,5.21634502627592e-9,3.8286836734773445e-9,6.6739885100132765e-9
