Name,Mean,MeanLB,MeanUB,Stddev,StddevLB,StddevUB
ffi,2.1757225796266164e-5,2.1234213209246533e-5,2.2359113462084563e-5,1.927125408277125e-6,1.681785207933195e-6,2.12246149061998e-6
pure,1.0078973147476429e-4,1.0077724113242493e-4,1.0082154138271816e-4,6.351145748447207e-8,3.448348253921243e-8,1.1669025436771642e-7
