Name,Mean,MeanLB,MeanUB,Stddev,StddevLB,StddevUB
decode/UTCTime/whole,1.2198717621154745e-5,1.2085770711905571e-5,1.2299843328148453e-5,3.7960222634391413e-7,3.008640554885906e-7,4.723986019944892e-7
decode/UTCTime/fractional,1.1713196314815035e-5,1.1697032654656409e-5,1.1757340786366389e-5,8.564658833138809e-8,3.123973999477128e-8,1.8361771679632463e-7
decode/ZonedTime/whole,1.0188851716929572e-5,1.0128311922617135e-5,1.0240889005028012e-5,1.8304108536449516e-7,1.4965177011450716e-7,2.2088350481676744e-7
decode/ZonedTime/fractional,1.0397958735485214e-5,1.0343814443908943e-5,1.0450652158721965e-5,1.808764015706335e-7,1.53742286548654e-7,2.2648999842691483e-7
encode/UTCTime/whole,5.301347790322872e-6,5.28240666521114e-6,5.3144768088150035e-6,5.4571095530091125e-8,4.147388262949905e-8,8.593047117856496e-8
encode/UTCTime/fractional,5.535978705779601e-6,5.510740201425299e-6,5.5520911756117725e-6,6.96738118063221e-8,4.794001547265984e-8,1.0615153210262003e-7
encode/ZonedTime/whole,5.830072960561386e-6,5.7939262014385e-6,5.853972751041026e-6,1.0516830233070608e-7,7.239526652366136e-8,1.416895912817123e-7
encode/ZonedTime/fractional,5.605974552386743e-6,5.554907718695471e-6,5.671484231324096e-6,1.9451610495311715e-7,1.5570541149377885e-7,2.563680363482338e-7
