Name,Mean,MeanLB,MeanUB,Stddev,StddevLB,StddevUB
ffi,2.0313572203013504e-5,2.027562830167368e-5,2.05330913234043e-5,2.386744911670332e-7,1.625795325846411e-8,5.823684716528142e-7
pure,1.051033916935592e-4,1.0508840916257572e-4,1.0512087257358504e-4,5.818167192473381e-8,4.331410201122936e-8,8.587683863258348e-8
