Name,Mean,MeanLB,MeanUB,Stddev,StddevLB,StddevUB
twitter/aeson,1.411419900426176e-4,1.4048393204835321e-4,1.4273224336431404e-4,3.129661915997277e-6,1.1353342758603541e-6,5.257129835582066e-6
twitter/buffer-builder,1.285699248253412e-4,1.272665344249002e-4,1.2983902893727966e-4,4.3958094831741094e-6,4.004874858049738e-6,4.85039658875103e-6
twitter/json-builder,6.188062864235636e-4,6.145898458093117e-4,6.22359215380869e-4,1.30492993349402e-5,1.0557544250598665e-5,1.5763530566929995e-5
json-bench/aeson,4.7838788207019226e-4,4.7780376105178464e-4,4.791057051119251e-4,2.119760899282599e-6,1.711690311625508e-6,2.6948137798778257e-6
json-bench/buffer-builder,3.011355274465663e-4,2.9518671154038034e-4,3.0796411087348274e-4,2.2041986302288347e-5,1.7993273286345975e-5,2.618784687795665e-5
json-bench/json-builder,1.5459087479803566e-3,1.5372215604046772e-3,1.5528310294625062e-3,2.558120122779626e-5,2.086833959723909e-5,3.187798151938413e-5
