Name,Mean,MeanLB,MeanUB,Stddev,StddevLB,StddevUB
twitter/aeson,1.5740144792939653e-4,1.5428852954384978e-4,1.6013884436088418e-4,9.558700314868895e-6,8.618077030807134e-6,1.0524399802043425e-5
twitter/buffer-builder,1.264076041317943e-4,1.2495143181640288e-4,1.2781795022223506e-4,5.0125174650201e-6,4.45816277858186e-6,6.669563171120066e-6
twitter/json-builder,6.071951698239705e-4,6.045562130493901e-4,6.096109443832865e-4,8.381130541348547e-6,7.004651099233342e-6,1.0498654108249014e-5
json-bench/aeson,4.943182148732358e-4,4.916017213256099e-4,4.993622894936597e-4,1.1805101968681091e-5,7.140489510332622e-6,2.1229282839521514e-5
json-bench/buffer-builder,2.8427892109677015e-4,2.812278020296024e-4,2.886160867321538e-4,1.2998827092428949e-5,8.683891978392516e-6,1.8289299454294797e-5
json-bench/json-builder,1.5210719151628536e-3,1.5045009155971946e-3,1.5309735461428054e-3,4.1575011611663305e-5,3.065839046114478e-5,5.756082849784309e-5
