Name,Mean,MeanLB,MeanUB,Stddev,StddevLB,StddevUB
ffi,3.822280606794658e-5,3.821867936879883e-5,3.8230876966920494e-5,1.8722209262848754e-8,1.1332553127659677e-8,3.1779314520342666e-8
pure,1.8525729313083878e-4,1.8522332693791393e-4,1.8541280052324178e-4,1.8807223380574755e-7,5.6806540780804936e-8,4.3659691033904484e-7
