Name,Mean,MeanLB,MeanUB,Stddev,StddevLB,StddevUB
twitter/aeson,2.737120932439567e-4,2.7369954851906613e-4,2.7373329206007883e-4,5.329490689621763e-8,4.02359143420717e-8,7.741435063964505e-8
twitter/buffer-builder,3.245488011280418e-4,3.2424695572449e-4,3.248184479306542e-4,9.915254148169665e-7,8.587047521124026e-7,1.1429801260838423e-6
twitter/json-builder,1.1128213516233146e-3,1.1118735915139157e-3,1.1137151443671557e-3,3.1211732657967257e-6,2.6628823258264794e-6,3.744083304542588e-6
json-bench/aeson,1.0454262392567309e-3,1.0453335559608746e-3,1.045520530221429e-3,3.091040828432372e-7,2.5379724387050636e-7,3.8732314122748257e-7
json-bench/buffer-builder,6.596033728187209e-4,6.591246406554508e-4,6.601453361936589e-4,1.6376089491716457e-6,1.4303049465621531e-6,1.8497708780873383e-6
json-bench/json-builder,2.8153705993646406e-3,2.812571895113422e-3,2.818307585043563e-3,9.764637168822578e-6,7.573292099623058e-6,1.3016438031454221e-5
