Name,Mean,MeanLB,MeanUB,Stddev,StddevLB,StddevUB
decode/UTCTime/whole,2.6595965715700223e-5,2.6592623425682625e-5,2.6599138171967338e-5,1.1097605422242127e-8,9.204476001988242e-9,1.3860999999187966e-8
decode/UTCTime/fractional,2.8294731700995526e-5,2.829190878703801e-5,2.8298068298031885e-5,1.0359176866100286e-8,8.518739936018632e-9,1.3532667955209695e-8
decode/ZonedTime/whole,2.073298152854368e-5,2.073022195026206e-5,2.0736020666456755e-5,9.852250666191194e-9,8.536628637351173e-9,1.1732662348176671e-8
decode/ZonedTime/fractional,2.1959749209213306e-5,2.1955511103277786e-5,2.1964513257621678e-5,1.4994362370470663e-8,1.2335655299424234e-8,1.868106846578107e-8
encode/UTCTime/whole,1.1552551964156446e-5,1.1550811401976693e-5,1.1554072760606935e-5,5.371796948942449e-9,4.603633281026319e-9,7.052157172505073e-9
encode/UTCTime/fractional,1.1265825751808824e-5,1.1262479677796622e-5,1.1269653406937382e-5,1.2329223706186966e-8,9.425672317722154e-9,1.4905529452585258e-8
encode/ZonedTime/whole,1.2280467425199801e-5,1.2276544070843148e-5,1.2284206591123479e-5,1.292011594911832e-8,1.1042897710301387e-8,1.4868754970641192e-8
encode/ZonedTime/fractional,1.2572452435370226e-5,1.2568827814500837e-5,1.2575687677959352e-5,1.19248809245048e-8,1.0476461467948783e-8,1.3863101428560066e-8
