Name,Mean,MeanLB,MeanUB,Stddev,StddevLB,StddevUB
string/text,3.3583390764323613e-7,3.356868832092387e-7,3.359703748775418e-7,4.892557267043705e-10,4.227599800428957e-10,5.814077353420511e-10
string/string direct,6.290048220054438e-7,6.289673086231254e-7,6.290481792934092e-7,1.3430830071684346e-10,1.1504063153021194e-10,1.6773929302077633e-10
string/string via text,8.977787956637233e-7,8.976456154132037e-7,8.978786688047538e-7,3.8206562134273834e-10,2.8895292241594724e-10,6.000909263566095e-10
