Name,Mean,MeanLB,MeanUB,Stddev,StddevLB,StddevUB
ffi,3.8239218757129494e-5,3.8232371121518685e-5,3.826267139408996e-5,4.014041622569951e-8,1.1686975130322801e-8,8.217882456484853e-8
pure,1.9464723058982362e-4,1.946383871160466e-4,1.9465953941727958e-4,3.353797357048262e-8,2.446084892820974e-8,5.0587035481113076e-8
