Name,Mean,MeanLB,MeanUB,Stddev,StddevLB,StddevUB
listRank,8.326366160507245e-3,8.32173510709291e-3,8.331530500809455e-3,1.3877686919393877e-5,1.1073800469626837e-5,1.8095049884348932e-5
rootfix,3.549235459466958e-4,3.545063142572793e-4,3.560466185906848e-4,2.1321397568730255e-6,1.2696168096780871e-6,3.6427729516325777e-6
leaffix,3.726295708210427e-4,3.724018277370349e-4,3.730453123551949e-4,1.029699156784802e-6,6.577065754510045e-7,1.4783001344141065e-6
awshcc,2.6477435489845144e-2,2.644373552122718e-2,2.649563940309097e-2,5.045139613028549e-5,2.6150229977458486e-5,8.421231008016693e-5
hybcc,1.9522733169295235e-3,1.9393224142879486e-3,1.9647624146024675e-3,4.34017407858045e-5,3.6509686278709316e-5,5.293201302270401e-5
quickhull,1.239576660298384e-3,1.2388384023120631e-3,1.2413175542585065e-3,3.912286301269915e-6,1.8025048599571642e-6,8.0075998313642e-6
spectral,3.112218668190683e-4,3.1121773708773706e-4,3.112278298697023e-4,1.6547282041089952e-8,1.176786789064554e-8,2.5289091449763998e-8
tridiag,4.91841399043268e-3,4.915280604501795e-3,4.921891131783354e-3,9.883995340026774e-6,7.775024295932744e-6,1.2845585619952854e-5
