Name,Mean,MeanLB,MeanUB,Stddev,StddevLB,StddevUB
listRank,7.508006456377576e-3,7.497859479037162e-3,7.528913603790297e-3,3.988606681638595e-5,1.7616857856244508e-5,6.681462661802694e-5
rootfix,3.616546599194605e-4,3.611292989478425e-4,3.6204679499890203e-4,1.4992300763194939e-6,1.205402163050073e-6,1.97965931340456e-6
leaffix,3.594594675845486e-4,3.59159911612095e-4,3.5988337699651866e-4,1.185510261157071e-6,8.875753604735446e-7,1.944616808446546e-6
awshcc,2.5437827177431076e-2,2.5415679973838517e-2,2.54682432536074e-2,5.7431817014537594e-5,3.98288421835716e-5,8.961971084522087e-5
hybcc,1.7772916542930929e-3,1.7751548808963107e-3,1.781328905034031e-3,9.819633521226395e-6,6.57024154504381e-6,1.612777977819164e-5
quickhull,1.252272517059575e-3,1.2515704247692788e-3,1.2536479581635189e-3,3.1255571037804618e-6,2.186253020534765e-6,5.059617281043291e-6
spectral,3.1532493950592913e-4,3.152260139855255e-4,3.1551530453015125e-4,4.558436189628374e-7,2.7587149225709145e-7,8.360902803988253e-7
tridiag,4.917443595543889e-3,4.911748168217311e-3,4.9226111289763326e-3,1.6910368225289167e-5,1.3541801885721215e-5,2.2104609268108367e-5
