Name,Mean,MeanLB,MeanUB,Stddev,StddevLB,StddevUB
listRank,8.347575463388407e-3,8.342509112933163e-3,8.3524100673371e-3,1.4060857384445687e-5,1.0851410482251747e-5,1.7878172468244324e-5
rootfix,3.5818191646944163e-4,3.563482791906227e-4,3.601482134480498e-4,6.383630243117077e-6,5.133852928230097e-6,7.449872691726624e-6
leaffix,3.718438582117399e-4,3.7118145042324096e-4,3.724704847505869e-4,2.15881967598737e-6,1.723964643249729e-6,2.6542878024861136e-6
awshcc,2.668511731972955e-2,2.6643881174390194e-2,2.6723400360916163e-2,8.969685029174416e-5,7.53525810393715e-5,1.0956447473403227e-4
hybcc,1.975252163870921e-3,1.9619146599146628e-3,1.9874290831377625e-3,4.3346474792947296e-5,3.750812710199341e-5,5.008059663298205e-5
quickhull,1.2418879064349693e-3,1.2411901244801175e-3,1.242513506679919e-3,2.2808291514746284e-6,1.662768065811681e-6,3.109590804403991e-6
spectral,3.112744972361685e-4,3.112535982695219e-4,3.113117475840635e-4,9.524090278580508e-8,6.008489708133729e-8,1.4804031796798915e-7
tridiag,4.854763102091011e-3,4.848574555515018e-3,4.862505899930053e-3,2.0825779883024437e-5,1.6815287328812253e-5,2.9696709247300706e-5
