Name,Mean,MeanLB,MeanUB,Stddev,StddevLB,StddevUB
listRank,8.287229589551288e-3,8.281036820439947e-3,8.296143525318394e-3,2.042767115323662e-5,1.546270797666208e-5,2.826457732102771e-5
rootfix,3.5763219024679405e-4,3.568425530635339e-4,3.5897423542192563e-4,3.420418013655018e-6,2.3094815246115887e-6,5.003775938613395e-6
leaffix,3.733121950651643e-4,3.7286847655593186e-4,3.739769726095735e-4,1.763136814935731e-6,1.1799074983391999e-6,2.3936182672575977e-6
awshcc,2.686673734115284e-2,2.6670895808314072e-2,2.7639318097069168e-2,8.098328996741859e-4,3.072809909062768e-5,1.584034180469127e-3
hybcc,2.0720088266820754e-3,2.060715183463497e-3,2.085388148310047e-3,4.102420533217775e-5,3.622704557700703e-5,4.7165674273755496e-5
quickhull,1.2471871598259186e-3,1.2461683253278356e-3,1.2485222432525485e-3,4.049269298417213e-6,2.9442822678078645e-6,5.244626793091506e-6
spectral,3.113818004803832e-4,3.113250058450793e-4,3.1149660322818054e-4,2.67874727096619e-7,1.5208669320750163e-7,5.076798023428773e-7
tridiag,4.971700891326202e-3,4.96314542792921e-3,4.979772510179547e-3,2.590362792886612e-5,2.1336048670268276e-5,3.237358989093628e-5
