Name,Mean,MeanLB,MeanUB,Stddev,StddevLB,StddevUB
decode/UTCTime/whole,2.3628631539620602e-5,2.3621720770260963e-5,2.363903707481708e-5,2.8954157120781246e-8,2.3751662135797624e-8,3.700367704441657e-8
decode/UTCTime/fractional,2.529280626191157e-5,2.5285653869379136e-5,2.5306055680705392e-5,3.265282170382223e-8,2.0998032218688837e-8,5.1646641855317936e-8
decode/ZonedTime/whole,1.7218991063383368e-5,1.7215407442837787e-5,1.7223431321870338e-5,1.3130995937438925e-8,9.576565900702477e-9,1.8399518971058907e-8
decode/ZonedTime/fractional,1.8622215704136233e-5,1.8616318948354455e-5,1.8632052767403308e-5,2.5604162825191916e-8,1.6958589803808348e-8,3.742055738623716e-8
encode/UTCTime/whole,9.203869560646226e-6,9.190333550463398e-6,9.239903432928374e-6,7.0335696399539e-8,3.97898135403714e-8,1.107466411222237e-7
encode/UTCTime/fractional,1.0182457363723342e-5,1.0180019852152122e-5,1.0185795177628555e-5,9.116601709999125e-9,6.2889515098197964e-9,1.3595003751741128e-8
encode/ZonedTime/whole,1.0245382827887281e-5,1.0242379723183218e-5,1.0252301701595584e-5,1.5398924960824584e-8,8.051499869402537e-9,3.114983676448512e-8
encode/ZonedTime/fractional,1.079752789201771e-5,1.0795167935522435e-5,1.0802419091501781e-5,1.050413641732774e-8,6.630696914934403e-9,1.8047167856993108e-8
