Name,Mean,MeanLB,MeanUB,Stddev,StddevLB,StddevUB
twitter/aeson,2.4170737257524783e-4,2.416659181027962e-4,2.4179457156569485e-4,2.0129639594128115e-7,1.2906091757260066e-7,3.444820693211928e-7
twitter/buffer-builder,2.855030615010497e-4,2.852107956961972e-4,2.8577924015715344e-4,9.829814717711144e-7,8.593109575835711e-7,1.1424286945293259e-6
twitter/json-builder,9.829879392278514e-4,9.822085003760288e-4,9.83782962731857e-4,2.6878768691113158e-6,2.185933996739627e-6,3.623868211801564e-6
json-bench/aeson,9.214537922218479e-4,9.212873275318414e-4,9.217280043949431e-4,7.289856680215791e-7,4.7002271142805886e-7,1.1834934998976542e-6
json-bench/buffer-builder,5.832192539146675e-4,5.82785417311294e-4,5.836597387552366e-4,1.4572750438626222e-6,1.259247728770593e-6,1.6926925653216145e-6
json-bench/json-builder,2.4856393068114608e-3,2.483574924036396e-3,2.4879722124301873e-3,7.278382440075196e-6,5.892604538306029e-6,9.551370950372288e-6
