Name,Mean,MeanLB,MeanUB,Stddev,StddevLB,StddevUB
decode/UTCTime/whole,2.3442012087851363e-5,2.3433029397821136e-5,2.3452412471700565e-5,3.158891195155468e-8,2.4283575473748278e-8,4.580922693667755e-8
decode/UTCTime/fractional,2.477098904137117e-5,2.4763885627590025e-5,2.478483066177825e-5,3.317025431469212e-8,2.0903386382571158e-8,5.600938991638728e-8
decode/ZonedTime/whole,1.7745743816588177e-5,1.7741948742980193e-5,1.7752573541757604e-5,1.5652968167206786e-8,1.0527284532727467e-8,2.667362462715125e-8
decode/ZonedTime/fractional,1.8677287134200593e-5,1.8665036479453567e-5,1.871711271859154e-5,6.514658638684356e-8,1.5529296770021858e-8,1.2861646688061454e-7
encode/UTCTime/whole,9.715515010763457e-6,9.712994147346968e-6,9.722744098409124e-6,1.3368317343488474e-8,5.984143848624704e-9,2.7828400783406328e-8
encode/UTCTime/fractional,1.0804478960486301e-5,1.0801423327326073e-5,1.0808695750588887e-5,1.1695386634285486e-8,8.68486163244624e-9,1.8014973407061228e-8
encode/ZonedTime/whole,1.0980240232601849e-5,1.0976871010246573e-5,1.0987438285172654e-5,1.4741897367656481e-8,8.699193495340815e-9,2.800647621179836e-8
encode/ZonedTime/fractional,1.193862504945241e-5,1.1935557922555694e-5,1.1945897793736921e-5,1.4989871679808224e-8,8.324881885871627e-9,2.8263145595737293e-8
