Name,Mean,MeanLB,MeanUB,Stddev,StddevLB,StddevUB
ffi,3.372979285525343e-5,3.372223520342756e-5,3.37497062918032e-5,3.9064446332433156e-8,1.621192128216105e-8,6.965021149652623e-8
pure,1.7155674149475008e-4,1.7153133077665134e-4,1.7160185581820375e-4,1.0787841627076534e-7,7.658909881758865e-8,1.9436887785106137e-7
