Name,Mean,MeanLB,MeanUB,Stddev,StddevLB,StddevUB
ffi,3.373801506784468e-5,3.372701905687313e-5,3.376933057252418e-5,5.828349497417429e-8,2.4051345210236233e-8,1.217794675392441e-7
pure,1.636055679101989e-4,1.6355065724602206e-4,1.637181928691952e-4,2.588894365457306e-7,1.4360793608392938e-7,4.3564804870100815e-7
