Name,Mean,MeanLB,MeanUB,Stddev,StddevLB,StddevUB
twitter/aeson,2.3755891213122446e-4,2.3750547014747696e-4,2.3773613975355427e-4,3.021457210711365e-7,1.3396968884914463e-7,5.871896501957117e-7
twitter/buffer-builder,2.9240433176277926e-4,2.921352394582604e-4,2.926622476870536e-4,8.275766949969448e-7,7.155717121395475e-7,9.696902975137236e-7
twitter/json-builder,1.0215965007656991e-3,1.0208002044650164e-3,1.0224013786874558e-3,2.6350761752327893e-6,2.214360097694567e-6,3.1967470514426915e-6
json-bench/aeson,9.524641795700206e-4,9.522199889660399e-4,9.529660022655792e-4,1.132011023633637e-6,6.993978228153461e-7,1.9081015355068206e-6
json-bench/buffer-builder,5.766948240301453e-4,5.763086581521591e-4,5.771685850470887e-4,1.367380568069927e-6,1.1373382073603224e-6,1.7675033760232303e-6
json-bench/json-builder,2.570422260389197e-3,2.5682936006796477e-3,2.572637851643396e-3,7.417805036889056e-6,5.708656010058913e-6,9.849415481146742e-6
