Name,Mean,MeanLB,MeanUB,Stddev,StddevLB,StddevUB
string/text,2.96271661977577e-7,2.960982182927807e-7,2.9646134862464155e-7,5.98227238362051e-10,4.5578021669664605e-10,8.249310031546588e-10
string/string direct,5.547693530293271e-7,5.546647263463704e-7,5.549525991036638e-7,4.254802811833726e-10,2.8989273886723144e-10,6.145424402499222e-10
string/string via text,7.932806758138616e-7,7.931196563586961e-7,7.935555285434604e-7,6.663354207834281e-10,4.5859846165037226e-10,1.0721857810156246e-9
