Name,Mean,MeanLB,MeanUB,Stddev,StddevLB,StddevUB
string/text,2.955921427886518e-7,2.954756959020875e-7,2.9573850742125644e-7,4.498646127343772e-10,3.508652702620375e-10,6.090941715642496e-10
string/string direct,5.582097998042927e-7,5.576054034484404e-7,5.59986536190971e-7,2.9146782915897883e-9,1.1511963617246114e-9,5.879935930298888e-9
string/string via text,7.686522664843147e-7,7.684745501855569e-7,7.691003090991755e-7,8.740127568971307e-10,4.560917654678064e-10,1.5915696145025408e-9
