Name,Mean,MeanLB,MeanUB,Stddev,StddevLB,StddevUB
twitter/aeson,2.3713736077683912e-4,2.3707175841446867e-4,2.3726313668855762e-4,3.0983869456440384e-7,1.7008015603802723e-7,5.086093559361959e-7
twitter/buffer-builder,2.894053162654724e-4,2.891558339205481e-4,2.896432296126341e-4,8.217098117198676e-7,7.227059208522264e-7,9.51884460637226e-7
twitter/json-builder,1.017816603071365e-3,1.0169855328831475e-3,1.0185019178426036e-3,2.4791617959344102e-6,2.089758367448589e-6,3.1054251474962273e-6
json-bench/aeson,9.499787103702795e-4,9.497254640097298e-4,9.504307440626588e-4,1.1053004016368115e-6,6.66517091287298e-7,1.7500549053068186e-6
json-bench/buffer-builder,5.774533380243764e-4,5.770204480066905e-4,5.778675165118011e-4,1.4145538496974088e-6,1.242259045875907e-6,1.718427838175912e-6
json-bench/json-builder,2.5305226124229885e-3,2.5280387791806864e-3,2.5348952518001416e-3,1.1305346192561957e-5,7.058229331284894e-6,2.0134666787872096e-5
