Name,Mean,MeanLB,MeanUB,Stddev,StddevLB,StddevUB
ffi,3.373046100668289e-5,3.372346112351698e-5,3.374104752419861e-5,2.8391964581113682e-8,2.0242553989248103e-8,3.7036437788405766e-8
pure,1.6885297131224818e-4,1.6882735156501544e-4,1.6889987000605689e-4,1.1550579468262603e-7,6.603109816211067e-8,1.918972119868217e-7
