Name,Mean,MeanLB,MeanUB,Stddev,StddevLB,StddevUB
twitter/aeson,2.3452624192787043e-4,2.3442905943015725e-4,2.3473330811146447e-4,4.352435427479245e-7,2.422497604567251e-7,7.547546671589442e-7
twitter/buffer-builder,2.832046617709743e-4,2.8294706247588224e-4,2.83492420117429e-4,9.729824027379594e-7,8.462046694658485e-7,1.1262587988732805e-6
twitter/json-builder,1.0070726585797963e-3,1.0063235756976351e-3,1.0078385649900056e-3,2.616234826561547e-6,2.142876995655075e-6,3.127747863272858e-6
json-bench/aeson,9.14294437618604e-4,9.141193854569283e-4,9.145746938712201e-4,7.348011869326905e-7,4.957831420984747e-7,1.0730085153565454e-6
json-bench/buffer-builder,5.706773972990294e-4,5.701662261998432e-4,5.710907911057391e-4,1.485816262678333e-6,1.2741242682272252e-6,1.7616904841405063e-6
json-bench/json-builder,2.4658065565547173e-3,2.4631868685876675e-3,2.4680079538745518e-3,7.903546393189322e-6,6.0608642505542005e-6,1.0683466536799745e-5
