Name,Mean,MeanLB,MeanUB,Stddev,StddevLB,StddevUB
decode/UTCTime/whole,2.3806766143878044e-5,2.3797720400912633e-5,2.3827159783393396e-5,4.290881091072385e-8,1.649515950830413e-8,7.862474006586309e-8
decode/UTCTime/fractional,2.5596019703105094e-5,2.55687293043503e-5,2.566148764469591e-5,1.326971953381145e-7,3.2623842858225426e-8,2.686712025653228e-7
decode/ZonedTime/whole,1.7768048390812597e-5,1.776029997048523e-5,1.7781752941512217e-5,3.376971941642781e-8,2.139009491132479e-8,4.9700462955940655e-8
decode/ZonedTime/fractional,1.9196839472371683e-5,1.9191484272997808e-5,1.9202776853915198e-5,1.9718513176533915e-8,1.5751304701648167e-8,2.6810864997017866e-8
encode/UTCTime/whole,9.527036969381722e-6,9.524844201650157e-6,9.530614062045514e-6,9.410070678006635e-9,5.543414559978748e-9,1.4430093047760997e-8
encode/UTCTime/fractional,9.834277648727737e-6,9.830411137186039e-6,9.84382390543501e-6,1.8471090185419998e-8,9.897498559162668e-9,3.212859362699943e-8
encode/ZonedTime/whole,1.063254096439339e-5,1.0630524470415551e-5,1.0635979735304025e-5,8.861658194783813e-9,5.451500555652027e-9,1.5410385664013957e-8
encode/ZonedTime/fractional,1.0896455571697239e-5,1.0892899564044658e-5,1.0903148701433876e-5,1.647819110994249e-8,1.059141691530347e-8,2.8389443368710596e-8
