Name,Mean,MeanLB,MeanUB,Stddev,StddevLB,StddevUB
string/text,2.919645283969718e-7,2.9189005984652886e-7,2.9205690583784934e-7,2.810263511263001e-10,2.0484891056973952e-10,4.380564608937415e-10
string/string direct,5.218518192640986e-7,5.217019436317282e-7,5.223064934383059e-7,8.063509146540954e-10,3.303631985897714e-10,1.3942659789788295e-9
string/string via text,7.87029814637762e-7,7.868505317831994e-7,7.87266053853067e-7,6.854480623157377e-10,4.79830742347029e-10,9.775833226413307e-10
