Name,Mean,MeanLB,MeanUB,Stddev,StddevLB,StddevUB
string/text,2.951826882441917e-7,2.9494749002199557e-7,2.954415021129163e-7,7.927958158785515e-10,6.527339845110464e-10,1.0528722257483788e-9
string/string direct,5.557368659319082e-7,5.555621708066256e-7,5.560734846207723e-7,7.557895016078646e-10,5.048254577586158e-10,1.1452344312067898e-9
string/string via text,7.694457331138127e-7,7.692239859109927e-7,7.69804417731399e-7,9.6060114844735e-10,5.870405103362383e-10,1.5858617176545523e-9
