Name,Mean,MeanLB,MeanUB,Stddev,StddevLB,StddevUB
ffi,3.4458657968656306e-5,3.421437151957959e-5,3.5542947775389244e-5,1.3951028724998537e-6,6.005526791481285e-8,3.1226188256754397e-6
pure,1.7489143233794685e-4,1.7485695342016146e-4,1.7496102245819221e-4,1.687545477700757e-7,8.548158064581468e-8,2.8904713171276703e-7
