Name,Mean,MeanLB,MeanUB,Stddev,StddevLB,StddevUB
decode/UTCTime/whole,2.4227133037867286e-5,2.4219930479962458e-5,2.4247224803796604e-5,3.736531390798619e-8,1.8001942721607077e-8,7.353908631909492e-8
decode/UTCTime/fractional,2.5670228904482967e-5,2.5665474682521516e-5,2.567849189682612e-5,2.088462463238398e-8,1.3692567645807289e-8,3.1460353071962055e-8
decode/ZonedTime/whole,1.8256489015255057e-5,1.825272538313381e-5,1.8264644687818673e-5,1.7655946042911045e-8,1.1000059540751344e-8,3.309054538355051e-8
decode/ZonedTime/fractional,1.9295144832958744e-5,1.9288646464768882e-5,1.9311349085677786e-5,3.412250109347072e-8,1.704024709331306e-8,6.302435200888387e-8
encode/UTCTime/whole,1.0204193442691765e-5,1.0201855970882229e-5,1.0208682846544289e-5,1.0566282117982725e-8,6.335352872839294e-9,1.71925229032704e-8
encode/UTCTime/fractional,9.941243095859716e-6,9.939233930161021e-6,9.943985529510804e-6,7.709029113309401e-9,5.918727579101821e-9,1.0140812198090608e-8
encode/ZonedTime/whole,1.0824697632737869e-5,1.082039996029392e-5,1.0829563285330034e-5,1.580893684883986e-8,1.2810092542273695e-8,2.1311684555095668e-8
encode/ZonedTime/fractional,1.1094582237568433e-5,1.109137122587985e-5,1.1100871361195074e-5,1.4727917913676937e-8,9.455808315786468e-9,2.4665782664555264e-8
