Name,Mean,MeanLB,MeanUB,Stddev,StddevLB,StddevUB
listRank,8.423803044806057e-3,8.421159610832158e-3,8.42737103715797e-3,8.752093573473526e-6,6.482711530372266e-6,1.2669935428148292e-5
rootfix,3.6324565426293126e-4,3.61673569534757e-4,3.647632975068382e-4,5.401943809080317e-6,4.636885823079951e-6,6.2664722067660255e-6
leaffix,3.721791739474569e-4,3.7164949342517023e-4,3.7284925597841866e-4,1.933920798961994e-6,1.570990904700299e-6,2.5069500437256193e-6
awshcc,3.0038292628350866e-2,2.9845655656495877e-2,3.09839217203789e-2,7.731624223568233e-4,2.3568799193549733e-5,1.5627776590409611e-3
hybcc,2.1025435859593554e-3,2.093088656666571e-3,2.1104738290942246e-3,2.918613130563216e-5,2.3395990541997752e-5,3.7220057361985305e-5
quickhull,1.2514750344469762e-3,1.249037433305427e-3,1.255006960186614e-3,9.575149477380391e-6,7.572518188446294e-6,1.1879199487711854e-5
spectral,3.111996779609822e-4,3.111923338415301e-4,3.1121039241736973e-4,2.9266737582401315e-8,2.3379717137931008e-8,4.006554739163525e-8
tridiag,4.88344009623845e-3,4.880693423852878e-3,4.886190775231812e-3,8.325803064015309e-6,6.341138600872067e-6,1.181438696964717e-5
