Name,Mean,MeanLB,MeanUB,Stddev,StddevLB,StddevUB
listRank,8.469887397457713e-3,8.465099269937075e-3,8.478806226326381e-3,1.7474391262577546e-5,1.15239702884725e-5,2.9248746711831346e-5
rootfix,3.571611254771032e-4,3.5648533086115713e-4,3.5807541952023703e-4,2.6690500667106512e-6,2.0730076136838354e-6,3.681612179284701e-6
leaffix,3.7791343085760265e-4,3.76237429823159e-4,3.7969921023342827e-4,5.756438022159666e-6,5.035581840531493e-6,6.580666138174967e-6
awshcc,2.9963524895419463e-2,2.9759661088550687e-2,3.0770468109031012e-2,8.250245054457929e-4,2.7090169131901314e-5,1.599156666157397e-3
hybcc,2.081048856069936e-3,2.072448400461689e-3,2.090932705877806e-3,3.1525914401493306e-5,2.6293466137283582e-5,3.9981010516408195e-5
quickhull,1.239887393520982e-3,1.2389690345051111e-3,1.240833615822884e-3,3.150233589985076e-6,2.591455830422695e-6,4.199862745520009e-6
spectral,3.1145534637849504e-4,3.114034070459382e-4,3.1152356567939234e-4,1.9056523124414706e-7,1.5837867933596357e-7,2.3826698708281894e-7
tridiag,4.8633859230556966e-3,4.858007355482376e-3,4.868747986647615e-3,1.6664701452460348e-5,1.3968499994207377e-5,2.152730366523977e-5
