Name,Mean,MeanLB,MeanUB,Stddev,StddevLB,StddevUB
listRank,7.896909833825152e-3,7.892112448391064e-3,7.901771975740072e-3,1.4917825582502645e-5,1.1160241754263135e-5,2.1584844960962864e-5
rootfix,3.635059169434572e-4,3.631821962576626e-4,3.6382106327400606e-4,1.0766362257571242e-6,9.175111722931893e-7,1.3902947961849046e-6
leaffix,3.7050585071062714e-4,3.697101143242818e-4,3.711449654789051e-4,2.5115817732260156e-6,2.0822487255622026e-6,3.0977697586705367e-6
awshcc,2.8661516640982328e-2,2.84534332292096e-2,2.9478387062411973e-2,8.625656225421046e-4,2.6739191458634228e-5,1.6862050451759945e-3
hybcc,2.0562028033904015e-3,2.043014617224304e-3,2.0688532652641052e-3,4.335725677829389e-5,3.6665905489940565e-5,5.2386521002700614e-5
quickhull,1.252018055996531e-3,1.2516043069475313e-3,1.2526009101928835e-3,1.7079228625603565e-6,1.165954481852506e-6,2.444940889363177e-6
spectral,3.155598826907113e-4,3.1539095676176175e-4,3.157547359716472e-4,6.022625442838165e-7,4.982248051701636e-7,6.997496457994082e-7
tridiag,5.012115168209032e-3,5.005847161145923e-3,5.018590957340033e-3,1.917466910278973e-5,1.4875447268402346e-5,2.7599745474419273e-5
