Name,Mean,MeanLB,MeanUB,Stddev,StddevLB,StddevUB
listRank,8.41173676500163e-3,8.401997427528066e-3,8.422457691333197e-3,2.9923700429694684e-5,2.2364082384234385e-5,4.422995282300246e-5
rootfix,3.563769603257369e-4,3.5610735538588813e-4,3.5689752582071445e-4,1.2429398476885643e-6,7.634313480085148e-7,1.7814422167706744e-6
leaffix,3.716590622279183e-4,3.709391997942874e-4,3.7251019525175383e-4,2.5783713872855533e-6,2.156424403371124e-6,3.5524398897024713e-6
awshcc,2.9948192443482582e-2,2.9756237280696977e-2,3.0674533875697726e-2,7.582965695712709e-4,3.971102941499778e-5,1.4758191116332525e-3
hybcc,2.060207251831322e-3,2.052743134119106e-3,2.0684153354678997e-3,2.6396325077428036e-5,2.150890425591799e-5,3.417010549528288e-5
quickhull,1.2451162102411965e-3,1.2420315664710782e-3,1.2495406543345372e-3,1.1819953870617474e-5,9.110170727831635e-6,1.4102107442690351e-5
spectral,3.114002475146512e-4,3.113455190364545e-4,3.115534011006519e-4,2.823869222441961e-7,1.122442931296401e-7,5.467083073649009e-7
tridiag,4.9340175355237995e-3,4.928444381034579e-3,4.940560628706779e-3,1.824921720350083e-5,1.3299668178468866e-5,2.8228484082134463e-5
