Name,Mean,MeanLB,MeanUB,Stddev,StddevLB,StddevUB
listRank,8.452454572014118e-3,8.442903172659218e-3,8.47403168929536e-3,3.917987522018815e-5,1.8301755677690226e-5,7.085265082401266e-5
rootfix,3.581152508145679e-4,3.5696707060079005e-4,3.5997770687162464e-4,4.78778190341504e-6,2.8390877396678e-6,6.766217486726743e-6
leaffix,3.747352243310034e-4,3.7387903690602194e-4,3.7648783413059587e-4,4.02595307787179e-6,2.5703281122461593e-6,7.164391143793558e-6
awshcc,3.0019294339430264e-2,2.979892510206664e-2,3.1040706483114567e-2,8.463028079260295e-4,8.889788534501963e-5,1.7141915688151698e-3
hybcc,2.0682696302923996e-3,2.0578968759024886e-3,2.0813735814609016e-3,3.9307195769644305e-5,3.177605394647749e-5,5.0489121113838316e-5
quickhull,1.2443194345805658e-3,1.241480642757814e-3,1.2485201532334862e-3,1.1940841952811287e-5,8.937685194792323e-6,1.529213134133756e-5
spectral,3.1144559917346853e-4,3.113945232825958e-4,3.115680436627268e-4,2.458797124258496e-7,1.1736400496701064e-7,4.5887277688301034e-7
tridiag,4.940208008979365e-3,4.931840685195296e-3,4.9565853940060555e-3,3.672071294635498e-5,2.1636062181409792e-5,6.447254202306707e-5
