Name,Mean,MeanLB,MeanUB,Stddev,StddevLB,StddevUB
listRank,8.435075641344509e-3,8.428826092369012e-3,8.462098909358126e-3,3.084361189340615e-5,7.5600664633707114e-6,6.644993429867596e-5
rootfix,3.6027180425180026e-4,3.592550984129461e-4,3.6139218474510266e-4,3.5253559451056546e-6,2.936848576728301e-6,4.624252678813014e-6
leaffix,3.748240231254451e-4,3.7404115580344526e-4,3.756031908180383e-4,2.581293769938908e-6,2.251164989874737e-6,3.1305495317371915e-6
awshcc,3.0525519905638298e-2,3.0288848769003254e-2,3.1576431561207235e-2,8.872055086795547e-4,2.0276931656571548e-4,1.748324119406817e-3
hybcc,2.1191595580671322e-3,2.1085772895734862e-3,2.1299151177168033e-3,3.595006057531317e-5,2.9426128893032758e-5,4.3104490960019044e-5
quickhull,1.2564869254739824e-3,1.253921433860275e-3,1.260232148589141e-3,1.062404339281991e-5,9.490346637350548e-6,1.2396777401446576e-5
spectral,3.1148537852057476e-4,3.114072903226122e-4,3.116634402589022e-4,3.769638747706376e-7,2.4254825490991914e-7,6.868617380316436e-7
tridiag,4.9165320571518956e-3,4.9098772715541455e-3,4.92873969790706e-3,2.8057069322829018e-5,1.8092694542842356e-5,4.6992251657047354e-5
