Name,Mean,MeanLB,MeanUB,Stddev,StddevLB,StddevUB
listRank,8.4428191602535e-3,8.440728181594668e-3,8.44572038260984e-3,7.299830875418938e-6,5.560948828749309e-6,1.0879201908241347e-5
rootfix,3.5613966889740155e-4,3.5514357579722477e-4,3.5759191302383995e-4,3.949439903419224e-6,3.017371783412831e-6,5.048837138453778e-6
leaffix,3.785037894173052e-4,3.76479180533256e-4,3.805999538291876e-4,6.857510541795172e-6,6.148462921837593e-6,7.6193961375867034e-6
awshcc,2.9817396007801394e-2,2.9619466198082083e-2,3.057356731720138e-2,7.728111056416049e-4,5.590684104552065e-5,1.487702963255258e-3
hybcc,2.1040776209057177e-3,2.09690523148072e-3,2.1140970621529778e-3,2.9482778639239544e-5,2.2600189474657468e-5,3.78574045989103e-5
quickhull,1.2361760259334705e-3,1.2357122097479765e-3,1.236640394709672e-3,1.5454758162362642e-6,1.2264599224286951e-6,1.9815756463915217e-6
spectral,3.1126686171238893e-4,3.112484580603817e-4,3.1129467497610007e-4,7.489648719515915e-8,5.173133649762979e-8,1.0083677529016234e-7
tridiag,4.866581846533959e-3,4.858812685939837e-3,4.874188983264051e-3,2.3188784204141507e-5,1.766391492075682e-5,3.192303852688214e-5
