Name,Mean,MeanLB,MeanUB,Stddev,StddevLB,StddevUB
listRank,7.840300441403122e-3,7.832864862181297e-3,7.847926724604708e-3,2.2190998489542766e-5,1.7520340714827803e-5,2.93698856422381e-5
rootfix,3.6153122890253875e-4,3.609291170728213e-4,3.6192107108865516e-4,1.5837482692100079e-6,1.1829152324838135e-6,2.502635304792663e-6
leaffix,3.70357665905157e-4,3.696609785465213e-4,3.7067449829617714e-4,1.4706628202123048e-6,8.288029706069226e-7,2.772144796126623e-6
awshcc,2.858812981098175e-2,2.8386101885700572e-2,2.9361880178450848e-2,8.110531172115759e-4,2.5574213713340207e-5,1.5753786747278377e-3
hybcc,2.0442546064488496e-3,2.035029747204827e-3,2.0553296756979362e-3,3.4085144842044354e-5,2.747016868760324e-5,4.285200708704852e-5
quickhull,1.2501789021325369e-3,1.249820957000271e-3,1.2505840659587444e-3,1.2682376255843646e-6,9.439939065101027e-7,1.8984184052703795e-6
spectral,3.154353656622519e-4,3.152585084430157e-4,3.15666261280667e-4,6.491684427308327e-7,5.299243575583424e-7,7.316017796829465e-7
tridiag,4.993370513964864e-3,4.985516659350483e-3,5.002518077431593e-3,2.575938326366205e-5,2.0185608810080068e-5,3.19055980642524e-5
