Name,Mean,MeanLB,MeanUB,Stddev,StddevLB,StddevUB
ffi,3.874532253422805e-5,3.874445587680953e-5,3.8746664435994225e-5,3.55038049110488e-9,2.3479913044976638e-9,5.237300964258285e-9
pure,1.9810674788427063e-4,1.980892247505585e-4,1.9812023046967422e-4,5.218588179515295e-8,3.9355252774661306e-8,6.606770054406425e-8
