Name,Mean,MeanLB,MeanUB,Stddev,StddevLB,StddevUB
ffi,3.8222093526285086e-5,3.822072878993724e-5,3.8225972255581255e-5,6.716973227346278e-9,3.436401677564105e-9,1.305137254110042e-8
pure,1.9141895334329534e-4,1.914143963274821e-4,1.914238034666297e-4,1.611050398196416e-8,1.2817091005297484e-8,2.0297021840112714e-8
