Name,Mean,MeanLB,MeanUB,Stddev,StddevLB,StddevUB
ffi,3.823312297370682e-5,3.822841592362786e-5,3.825093544653883e-5,2.636592619342813e-8,7.53604379370708e-9,5.6411559005528376e-8
pure,1.9464698983121884e-4,1.9462700691046147e-4,1.9469430467368478e-4,9.590528991453623e-8,6.068585232800718e-8,1.604287997574468e-7
