Name,Mean,MeanLB,MeanUB,Stddev,StddevLB,StddevUB
twitter/aeson,2.685160663222374e-4,2.685067118240899e-4,2.685284224369507e-4,3.6873301867295413e-8,2.966883587535765e-8,4.8620462337181485e-8
twitter/buffer-builder,3.2995555690314854e-4,3.296214734646071e-4,3.3031034965016066e-4,1.1572160069338887e-6,9.997861527217958e-7,1.3211224162407248e-6
twitter/json-builder,1.1526434067267405e-3,1.151603230112647e-3,1.153580138789099e-3,3.2580940356953796e-6,2.7204076831230504e-6,4.078465520856363e-6
json-bench/aeson,1.0751231867757402e-3,1.0749657967644571e-3,1.0754047253515439e-3,7.29605618557737e-7,4.4392728999252625e-7,1.3713165152947685e-6
json-bench/buffer-builder,6.535076072682928e-4,6.530243268027768e-4,6.539332112823847e-4,1.5659824702286748e-6,1.3879304955196478e-6,1.785399988554616e-6
json-bench/json-builder,2.872482788627221e-3,2.8694957061924293e-3,2.875286896534662e-3,9.873517325648757e-6,7.716463252921795e-6,1.328862735075786e-5
