Name,Mean,MeanLB,MeanUB,Stddev,StddevLB,StddevUB
string/text,3.3623653374462743e-7,3.360102637427755e-7,3.3646643870317403e-7,7.642667082648796e-10,6.291954976970592e-10,9.55123476801867e-10
string/string direct,6.318123829678659e-7,6.317220904515678e-7,6.319095741878096e-7,3.310545181947105e-10,2.6391284659875047e-10,4.471245850572882e-10
string/string via text,8.981782077754767e-7,8.980544877991907e-7,8.98524456371074e-7,6.411229249076402e-10,2.2004052016621123e-10,1.273243729187221e-9
