Name,Mean,MeanLB,MeanUB,Stddev,StddevLB,StddevUB
twitter/aeson,2.687439498569413e-4,2.687016596827635e-4,2.6878434943499835e-4,1.3412341796693877e-7,1.1772124121361235e-7,1.5311086433355372e-7
twitter/buffer-builder,3.289446752169695e-4,3.286653009554443e-4,3.2923751566640906e-4,9.445685511102053e-7,8.288407413395518e-7,1.0960541632283747e-6
twitter/json-builder,1.157885561340725e-3,1.156957176203602e-3,1.1588271794099694e-3,3.2056655543239955e-6,2.7068989602088283e-6,3.843163442400496e-6
json-bench/aeson,1.0802142682534261e-3,1.080105361170165e-3,1.080379425882267e-3,4.47436363983633e-7,2.99861626149301e-7,7.368242164649904e-7
json-bench/buffer-builder,6.56577230182767e-4,6.560816691196242e-4,6.570852025837133e-4,1.630174837061637e-6,1.40607214654641e-6,1.8732832988547677e-6
json-bench/json-builder,2.9042051351064932e-3,2.901358324508193e-3,2.9067800259762015e-3,8.473295791202834e-6,6.471193262450069e-6,1.1629925372826041e-5
