Name,Mean,MeanLB,MeanUB,Stddev,StddevLB,StddevUB
ffi,2.052607389984376e-5,2.0345561935776813e-5,2.0815605961194437e-5,7.418519172164111e-7,4.829417783874967e-7,9.696054224141544e-7
pure,1.0730570837658533e-4,1.0729323492035558e-4,1.0733450038764221e-4,6.007042432057588e-8,3.6623361108039644e-8,1.1011743902320214e-7
