Name,Mean,MeanLB,MeanUB,Stddev,StddevLB,StddevUB
decode/UTCTime/whole,1.0880421199366174e-5,1.0708668614969093e-5,1.1056629832933086e-5,5.880347144536823e-7,5.222124343484092e-7,6.591509302649232e-7
decode/UTCTime/fractional,1.0733115302339232e-5,1.0677713503438984e-5,1.0821970640438818e-5,2.2671209150148854e-7,1.755628915523668e-7,3.069105848328723e-7
decode/ZonedTime/whole,8.658388551746454e-6,8.54803140606678e-6,8.783161854445528e-6,3.8374013556348574e-7,3.2937840351891206e-7,4.463215446755343e-7
decode/ZonedTime/fractional,8.67436244317143e-6,8.651894399703827e-6,8.701635600139534e-6,8.914828978254993e-8,7.319980666504497e-8,1.1967589903096265e-7
encode/UTCTime/whole,4.893059867990021e-6,4.859711609964896e-6,4.9429348640927204e-6,1.3297465604959408e-7,1.0359207494560749e-7,1.7395875166750654e-7
encode/UTCTime/fractional,5.399117592732828e-6,5.354777220779493e-6,5.440118587861473e-6,1.4703944989811553e-7,1.253540635768132e-7,1.7293852339545684e-7
encode/ZonedTime/whole,5.158306036115317e-6,5.145110652554966e-6,5.179063962777802e-6,5.6883630231203946e-8,3.270837660720081e-8,8.63205310229297e-8
encode/ZonedTime/fractional,5.618225755642269e-6,5.599612595714093e-6,5.642983298188534e-6,7.155563090949165e-8,5.2185242534935894e-8,1.1697305692343776e-7
