Name,Mean,MeanLB,MeanUB,Stddev,StddevLB,StddevUB
string/text,1.7627533815421073e-7,1.7545743583901517e-7,1.774522630848476e-7,3.22138126875777e-9,2.1199302800093535e-9,4.756994938363397e-9
string/string direct,2.7075989159796815e-7,2.68525246899544e-7,2.7350573246877323e-7,8.476227328802039e-9,6.262961681832261e-9,1.0932522518747907e-8
string/string via text,4.915916892916015e-7,4.857889902997419e-7,4.980003087662526e-7,2.118709113234928e-8,1.9152189679599398e-8,2.3528255187146526e-8
