Name,Mean,MeanLB,MeanUB,Stddev,StddevLB,StddevUB
decode/UTCTime/whole,1.1606161450325777e-5,1.140684751190756e-5,1.1800170511279711e-5,6.694244421326835e-7,6.11852205560737e-7,7.245872838476107e-7
decode/UTCTime/fractional,1.1263691632684125e-5,1.1242930811786814e-5,1.1296860310852676e-5,8.884537485754495e-8,7.226960361544146e-8,1.1382635590607406e-7
decode/ZonedTime/whole,9.013187880112338e-6,8.950276588073377e-6,9.109041830448118e-6,2.6148443762737897e-7,1.859247513697141e-7,3.9374789249314546e-7
decode/ZonedTime/fractional,9.176351464167987e-6,9.160513187771289e-6,9.199704576535991e-6,6.07064096200331e-8,4.3625357851123e-8,9.209538434145158e-8
encode/UTCTime/whole,4.795189829914204e-6,4.792862633429264e-6,4.799567665661201e-6,1.0354083374684685e-8,6.673337176088742e-9,1.82339414995415e-8
encode/UTCTime/fractional,5.381010019375332e-6,5.314016493514232e-6,5.448988395660385e-6,2.370710224935389e-7,2.179021940385461e-7,2.6057228576464273e-7
encode/ZonedTime/whole,5.582566423163211e-6,5.468534136273087e-6,5.670408393130388e-6,3.3331698687434256e-7,2.9655873120143826e-7,3.6726803302116597e-7
encode/ZonedTime/fractional,5.636141796242093e-6,5.548764888715376e-6,5.743287764886543e-6,3.049654763680926e-7,2.3227383103326243e-7,3.625831842511998e-7
