Name,Mean,MeanLB,MeanUB,Stddev,StddevLB,StddevUB
string/text,1.6990402129015914e-7,1.6949478254487777e-7,1.7062827451120543e-7,1.8145603509500497e-9,1.2567488270234292e-9,2.5498497606831445e-9
string/string direct,2.665794498606038e-7,2.6511003078182017e-7,2.6936410961879754e-7,5.980555774062222e-9,4.031101283032619e-9,1.0356813558239793e-8
string/string via text,4.885627421980719e-7,4.851241376052548e-7,4.923182276266332e-7,1.1940968406035362e-8,1.0303807130977281e-8,1.408014735741921e-8
