Name,Mean,MeanLB,MeanUB,Stddev,StddevLB,StddevUB
string/text,1.8041505664801934e-7,1.7880297299122077e-7,1.8242977003942153e-7,5.9602473663418765e-9,4.9201591120270885e-9,7.256442629535884e-9
string/string direct,2.633612862798553e-7,2.6125858934810626e-7,2.685422947083103e-7,9.813465073253842e-9,2.588489784194564e-9,1.8116400215199755e-8
string/string via text,4.819136959399056e-7,4.786817598301296e-7,4.860950357295279e-7,1.2553837449452294e-8,9.317308060944001e-9,1.6322251855495855e-8
