Name,Mean,MeanLB,MeanUB,Stddev,StddevLB,StddevUB
twitter/aeson,1.59310160372979e-4,1.5670912126988616e-4,1.613757508480202e-4,7.723089995344355e-6,6.371365198298064e-6,9.247105876556532e-6
twitter/buffer-builder,1.2597417265247993e-4,1.2450271227582366e-4,1.2731370119248967e-4,5.001303842781989e-6,4.558136224789014e-6,5.56067398412607e-6
twitter/json-builder,6.274681912794029e-4,6.25126121855074e-4,6.296292601153137e-4,7.4685606799139716e-6,5.9279422207404515e-6,9.06167446791629e-6
json-bench/aeson,4.959587755396447e-4,4.938558387190392e-4,4.984292414507062e-4,7.967419909737283e-6,6.5052438214271905e-6,9.959176874826438e-6
json-bench/buffer-builder,2.8977380569482645e-4,2.8570600114359335e-4,2.9613170525970197e-4,1.653017396022454e-5,1.2026010055355028e-5,2.2373446499471382e-5
json-bench/json-builder,1.5139393055820785e-3,1.4990558065529236e-3,1.5257928080670226e-3,4.742895381536978e-5,3.9681645896423634e-5,5.801860787835185e-5
