Name,Mean,MeanLB,MeanUB,Stddev,StddevLB,StddevUB
decode/UTCTime/whole,1.0687647413976778e-5,1.0565212834984637e-5,1.082849807811587e-5,4.4308951997603335e-7,3.450238534734675e-7,5.784051751324067e-7
decode/UTCTime/fractional,1.0904843394815916e-5,1.0899392767512741e-5,1.0910993469510133e-5,1.8656667973661447e-8,1.628225728377546e-8,2.1748280086057638e-8
decode/ZonedTime/whole,8.72531115797711e-6,8.613342261944748e-6,8.840723247938446e-6,3.936436141082037e-7,3.4853954010034656e-7,4.5038985684085067e-7
decode/ZonedTime/fractional,9.806279488148608e-6,9.66314317873023e-6,9.899142620318926e-6,4.051794246954126e-7,3.191699570471385e-7,5.012437016074382e-7
encode/UTCTime/whole,4.952536359224428e-6,4.9184728132771195e-6,5.0032223077334945e-6,1.379425435866189e-7,1.1025581509637278e-7,1.8063833495597258e-7
encode/UTCTime/fractional,5.220104206112341e-6,5.196456393591155e-6,5.263608956689882e-6,1.0209645607695145e-7,6.698698944724377e-8,1.80635443337713e-7
encode/ZonedTime/whole,5.24915793729072e-6,5.227871983371212e-6,5.279545702811813e-6,8.872473796891705e-8,7.122363929936148e-8,1.1459422004366098e-7
encode/ZonedTime/fractional,5.607266222118506e-6,5.553362238356135e-6,5.671448590718567e-6,1.9327623465876623e-7,1.4851914822349217e-7,2.3891850829694573e-7
