Name,Mean,MeanLB,MeanUB,Stddev,StddevLB,StddevUB
twitter/aeson,1.461038360955874e-4,1.448647074855048e-4,1.4823717615228922e-4,5.352353944968618e-6,3.5977466743884535e-6,7.77551430037757e-6
twitter/buffer-builder,1.252571559832123e-4,1.2386806960419476e-4,1.2680512044470772e-4,5.241740724442048e-6,4.865983315891071e-6,5.792971623845046e-6
twitter/json-builder,5.988860213650418e-4,5.949326682739912e-4,6.027611720106373e-4,1.3476320432227169e-5,1.1765437500730422e-5,1.5744902392798262e-5
json-bench/aeson,4.86877857648027e-4,4.8450559893064015e-4,4.902586532820277e-4,9.466987759488479e-6,6.832352700026437e-6,1.4716532406407902e-5
json-bench/buffer-builder,2.8365079625380696e-4,2.814386013516311e-4,2.8911188861508315e-4,1.0816969075810574e-5,4.726292096854433e-6,2.2629650650388835e-5
json-bench/json-builder,1.5083700799651129e-3,1.4956213184014707e-3,1.521954682221474e-3,4.259870505460348e-5,3.5839198709061636e-5,5.165464898666955e-5
