Name,Mean,MeanLB,MeanUB,Stddev,StddevLB,StddevUB
ffi,2.4456701880457767e-5,2.4290771965778224e-5,2.4582560537804682e-5,4.459821736688686e-7,3.058410314912689e-7,6.17337528978375e-7
pure,9.896948983435025e-5,9.895799837651412e-5,9.898511045480667e-5,4.539882662385845e-8,3.2208755142063994e-8,6.49566770484841e-8
