Name,Mean,MeanLB,MeanUB,Stddev,StddevLB,StddevUB
string/text,1.787833515043393e-7,1.7671289658268066e-7,1.817372916228884e-7,7.724665476167473e-9,5.6829256401750975e-9,9.761474390155377e-9
string/string direct,2.76642827550476e-7,2.7656273658804183e-7,2.7674479355113247e-7,3.052764108066093e-10,2.4712216351197347e-10,3.887029804586724e-10
string/string via text,5.215201168147142e-7,5.143372677118519e-7,5.287976741648482e-7,2.5556353827949087e-8,2.2409172619177115e-8,2.9382546365549086e-8
