Name,Mean,MeanLB,MeanUB,Stddev,StddevLB,StddevUB
decode/UTCTime/whole,1.0958749744941245e-5,1.0790214784040197e-5,1.1147699766405977e-5,5.864887815347372e-7,5.176284429337079e-7,6.563120472245545e-7
decode/UTCTime/fractional,1.0841354276990363e-5,1.0763079625605888e-5,1.0927610125218282e-5,2.7266891802920184e-7,2.218527093866347e-7,3.554991691070402e-7
decode/ZonedTime/whole,8.815314195993717e-6,8.698470630301232e-6,8.944427581331594e-6,4.146596191453418e-7,3.686704290469404e-7,4.683624879244476e-7
decode/ZonedTime/fractional,8.75724384419177e-6,8.716431369474157e-6,8.81814952056016e-6,1.6287058902368716e-7,1.2022196292240887e-7,2.718834494435777e-7
encode/UTCTime/whole,5.0704206981202364e-6,5.015147092921332e-6,5.1216353039146195e-6,1.8457604225552982e-7,1.6445523112256042e-7,2.0382698528556643e-7
encode/UTCTime/fractional,5.205781844063651e-6,5.1701506122436245e-6,5.2593704277121865e-6,1.4639066095150606e-7,1.120063826272406e-7,1.927939113985219e-7
encode/ZonedTime/whole,5.204651000587952e-6,5.195776478284294e-6,5.2124527842936675e-6,2.753936038362052e-8,1.8800168509083583e-8,4.032846770448512e-8
encode/ZonedTime/fractional,5.711811850209127e-6,5.6275663980471505e-6,5.8182987467732896e-6,3.191114235856888e-7,2.6821545534904463e-7,3.6373176443859756e-7
