Name,Mean,MeanLB,MeanUB,Stddev,StddevLB,StddevUB
ffi,2.0378726285275682e-5,2.0291462948160245e-5,2.0586291814652845e-5,4.468667298408355e-7,2.1007077508086383e-7,7.740864281914351e-7
pure,1.0738773521836595e-4,1.0734759689247489e-4,1.0745182087521628e-4,1.6707935108123058e-7,1.1413043526184701e-7,2.494788412569097e-7
