Name,Mean,MeanLB,MeanUB,Stddev,StddevLB,StddevUB
ffi,2.1138857675224556e-5,2.0804707133775996e-5,2.1631964501562486e-5,1.4748196634593808e-6,1.1231982792909049e-6,1.8691278550309552e-6
pure,1.0081521801291098e-4,1.0078730397917694e-4,1.0091726985610912e-4,1.712373680607002e-7,3.046768555927717e-8,3.613118630636141e-7
