Name,Mean,MeanLB,MeanUB,Stddev,StddevLB,StddevUB
decode/UTCTime/whole,1.1171536472002559e-5,1.107647033408241e-5,1.1290431639453311e-5,3.647051503847322e-7,3.030592056012674e-7,4.392060250453362e-7
decode/UTCTime/fractional,1.1255034510952997e-5,1.1240422652429249e-5,1.1290923603856727e-5,7.450911038751679e-8,4.368128776686128e-8,1.2619276822438107e-7
decode/ZonedTime/whole,9.07196599061259e-6,9.000403179552929e-6,9.187031979589343e-6,3.109752555936729e-7,2.3950875836828145e-7,4.01917764867833e-7
decode/ZonedTime/fractional,9.072205543770774e-6,9.054272708908207e-6,9.095761228144889e-6,6.753721720935404e-8,5.4724632971115535e-8,8.65230422419893e-8
encode/UTCTime/whole,4.797439799328866e-6,4.793724561698832e-6,4.810408097110574e-6,2.069038599233758e-8,8.985449027477117e-9,4.0067333508110674e-8
encode/UTCTime/fractional,5.1795506804455e-6,5.143971628670572e-6,5.2370724609400955e-6,1.5052302486327823e-7,1.0667481515157256e-7,2.035938552256095e-7
encode/ZonedTime/whole,5.0919732169558216e-6,5.085752854758942e-6,5.102721050884015e-6,2.6968010054344946e-8,1.851882853514449e-8,3.951281844657759e-8
encode/ZonedTime/fractional,5.61155006022008e-6,5.539336686093729e-6,5.7245717359251e-6,2.9411530749487086e-7,2.2734045190335118e-7,3.608406797434148e-7
