Name,Mean,MeanLB,MeanUB,Stddev,StddevLB,StddevUB
decode/UTCTime/whole,1.2082646749452534e-5,1.1958458492880262e-5,1.219241337544386e-5,3.8778980586679697e-7,3.0943476080820813e-7,4.830015588419131e-7
decode/UTCTime/fractional,1.1706912555794727e-5,1.170277171619864e-5,1.1713425524605286e-5,1.6800713458809422e-8,1.1417633306662851e-8,2.70894932988426e-8
decode/ZonedTime/whole,1.0113067089938105e-5,1.0047949596486253e-5,1.0165590277572501e-5,1.946276764588269e-7,1.592577261566488e-7,2.4627442850297596e-7
decode/ZonedTime/fractional,1.0266858291458806e-5,1.0194497985634948e-5,1.0327139326060102e-5,2.248607267810833e-7,1.8524821665198792e-7,2.882761889755968e-7
encode/UTCTime/whole,5.224730629698597e-6,5.173297062341545e-6,5.262579699037012e-6,1.4143842557742398e-7,1.0696914330909148e-7,1.8971282589395373e-7
encode/UTCTime/fractional,5.521593329050503e-6,5.488822999866977e-6,5.5509260335108155e-6,1.0619859880125714e-7,8.7775761945747e-8,1.3667093437078776e-7
encode/ZonedTime/whole,5.680151620446805e-6,5.621504816230697e-6,5.729698922119984e-6,1.7982306188623304e-7,1.4330122375563778e-7,2.3043337363889357e-7
encode/ZonedTime/fractional,5.6825193024158976e-6,5.639743451065535e-6,5.739385197753292e-6,1.6528773399938892e-7,1.3543697973353495e-7,1.97960119857859e-7
