Name,Mean,MeanLB,MeanUB,Stddev,StddevLB,StddevUB
string/text,1.779558322257528e-7,1.7680205399856442e-7,1.7934418323505977e-7,4.212749435523522e-9,3.182530188193972e-9,5.4258497296668866e-9
string/string direct,2.7488205092182835e-7,2.7313964747711414e-7,2.7675593556024694e-7,6.40718284099988e-9,5.254064849825221e-9,7.837876053276269e-9
string/string via text,4.942008441680198e-7,4.890155300046502e-7,4.997949132060395e-7,1.913025328245247e-8,1.6871335476664105e-8,2.149485197989092e-8
