Name,Mean,MeanLB,MeanUB,Stddev,StddevLB,StddevUB
decode/UTCTime/whole,1.0918321476969529e-5,1.078614319428217e-5,1.107982238969844e-5,5.032888379075311e-7,4.261788011231956e-7,5.769217401223773e-7
decode/UTCTime/fractional,1.1035378661157424e-5,1.1004221439312176e-5,1.1097437755110666e-5,1.3933824804983778e-7,5.615088632473674e-8,2.6501943884667185e-7
decode/ZonedTime/whole,9.032093338275916e-6,8.893555668923004e-6,9.16076019003296e-6,4.3662600569071236e-7,3.8077517204182496e-7,5.111036004294456e-7
decode/ZonedTime/fractional,9.755093815196318e-6,9.652342830576023e-6,9.838393878645997e-6,3.0028700156078613e-7,2.496168067655118e-7,4.07108648230505e-7
encode/UTCTime/whole,4.963398844447469e-6,4.9190449662253655e-6,5.011572884789546e-6,1.573423976603364e-7,1.3695307505991596e-7,1.8236638320444106e-7
encode/UTCTime/fractional,5.298511261182949e-6,5.274009951177807e-6,5.3288204969726585e-6,9.576153696124567e-8,7.68818492852919e-8,1.1799553430217438e-7
encode/ZonedTime/whole,5.28054368134428e-6,5.247099473974937e-6,5.346391215230909e-6,1.479939132291669e-7,9.456243673285634e-8,2.49135714257251e-7
encode/ZonedTime/fractional,5.527726225260068e-6,5.499944654913115e-6,5.566787159787056e-6,1.0956044222066849e-7,8.527845416225841e-8,1.534401904369762e-7
