Name,Mean,MeanLB,MeanUB,Stddev,StddevLB,StddevUB
string/text,1.8404489475059734e-7,1.818837504900372e-7,1.8603166295187183e-7,6.653525268766532e-9,5.8055299354232924e-9,7.475113453965265e-9
string/string direct,2.62730965327791e-7,2.607338736354795e-7,2.6668994843511313e-7,9.509446625461777e-9,5.372874029463982e-9,1.645521939395273e-8
string/string via text,4.73980004188023e-7,4.7279376992602623e-7,4.782134628075782e-7,6.008148929223078e-9,1.1358312343585781e-9,1.1702354810083964e-8
