Name,Mean,MeanLB,MeanUB,Stddev,StddevLB,StddevUB
ffi,3.821999869981186e-5,3.82185989880899e-5,3.822293549414922e-5,6.2600707670551e-9,3.605012746300197e-9,1.262624378596199e-8
pure,1.913207482461209e-4,1.912997512580836e-4,1.9134117501684358e-4,6.766347452753744e-8,5.834981571407442e-8,7.924155363943476e-8
