Name,Mean,MeanLB,MeanUB,Stddev,StddevLB,StddevUB
decode/UTCTime/whole,2.7046703654836294e-5,2.7041972471274813e-5,2.705292308561128e-5,1.812358888852297e-8,1.5434716168471817e-8,2.2181971098284178e-8
decode/UTCTime/fractional,2.8320552891468116e-5,2.8318595972020018e-5,2.832312823101459e-5,7.33586320619583e-9,6.223369500237368e-9,8.803733461038136e-9
decode/ZonedTime/whole,2.0232048549376405e-5,2.022895273572294e-5,2.0234972498572556e-5,9.703189595708892e-9,7.883659465510678e-9,1.4079414512605433e-8
decode/ZonedTime/fractional,2.130341476756786e-5,2.1299137824736525e-5,2.1307981367847444e-5,1.5416069605491724e-8,1.2672347094602225e-8,2.0030690757162285e-8
encode/UTCTime/whole,1.0753497265464992e-5,1.0752267434873954e-5,1.0754722394060118e-5,4.209491294935203e-9,3.624176791924587e-9,5.1898476632773265e-9
encode/UTCTime/fractional,1.145388858579624e-5,1.1452600242462439e-5,1.1455237030196126e-5,4.3775600949853134e-9,3.6804122513640097e-9,5.411025856590427e-9
encode/ZonedTime/whole,1.1860282027382942e-5,1.1857605843113526e-5,1.1862627501996252e-5,8.826792462123157e-9,7.63351665531248e-9,1.0624234561183066e-8
encode/ZonedTime/fractional,1.2473381254979034e-5,1.24712265562289e-5,1.2475415500329846e-5,7.112589552044797e-9,6.2280447003838984e-9,8.289990381903236e-9
