Name,Mean,MeanLB,MeanUB,Stddev,StddevLB,StddevUB
twitter/aeson,2.7358317331270207e-4,2.7357353293217364e-4,2.7359649191588815e-4,3.6976352077261163e-8,2.883369613086693e-8,4.8970427575180093e-8
twitter/buffer-builder,3.2345355746830857e-4,3.2325303976500874e-4,3.2363529421931006e-4,6.345316249602863e-7,5.464577210699072e-7,7.373236821831658e-7
twitter/json-builder,1.1115908052977865e-3,1.1106761708281959e-3,1.1124530048373486e-3,3.2431250775094274e-6,2.6905493327657814e-6,3.929158604505833e-6
json-bench/aeson,1.0472582904128979e-3,1.0470514831291099e-3,1.047519610677208e-3,7.962489120429248e-7,5.800792762120627e-7,1.0508989072624812e-6
json-bench/buffer-builder,6.632768991227257e-4,6.628910676031813e-4,6.635787438953757e-4,1.1576618128633666e-6,9.894662033953758e-7,1.340975586842009e-6
json-bench/json-builder,2.8164590766172905e-3,2.8140872451748165e-3,2.8192730853560965e-3,8.597781564829005e-6,6.487367416056294e-6,1.1788132297326516e-5
