Name,Mean,MeanLB,MeanUB,Stddev,StddevLB,StddevUB
decode/UTCTime/whole,2.6675648512294482e-5,2.6671847773913597e-5,2.667833610512578e-5,1.1046508569849919e-8,9.238509005065275e-9,1.3507820483459357e-8
decode/UTCTime/fractional,2.814924037920227e-5,2.8144663619190863e-5,2.8153601468582154e-5,1.5151694659675245e-8,1.2347326031963848e-8,2.2483953821978434e-8
decode/ZonedTime/whole,2.0102763195154205e-5,2.0100182345183987e-5,2.0106305329191858e-5,1.0457787837865526e-8,8.637991732669106e-9,1.2646773264794081e-8
decode/ZonedTime/fractional,2.1148798342402628e-5,2.1145290874121567e-5,2.115104867447217e-5,9.37938025786078e-9,6.537922022369698e-9,1.4213830272949104e-8
encode/UTCTime/whole,1.100804223270986e-5,1.1006905045516638e-5,1.1009167975130564e-5,3.839192586497793e-9,3.05409590264484e-9,5.051486112210332e-9
encode/UTCTime/fractional,1.2201168514895262e-5,1.219911999675296e-5,1.2203458064137914e-5,7.764377820895913e-9,6.410727819736103e-9,9.141318938534144e-9
encode/ZonedTime/whole,1.2445421160510951e-5,1.2443438906278595e-5,1.2447207422778306e-5,6.468222537752004e-9,5.352918596874695e-9,8.356701027160335e-9
encode/ZonedTime/fractional,1.353843996246676e-5,1.3535989939204749e-5,1.3540621456895333e-5,7.4317104824856925e-9,5.954125394283761e-9,9.484521151903709e-9
