Name,Mean,MeanLB,MeanUB,Stddev,StddevLB,StddevUB
string/text,3.370643875688766e-7,3.3689833869997443e-7,3.372370511099723e-7,5.884416136826587e-10,5.124419868448779e-10,6.632591078525662e-10
string/string direct,6.314655351459504e-7,6.312400781290446e-7,6.31632541744657e-7,6.259189451771662e-10,4.846878837345703e-10,8.019043676148565e-10
string/string via text,8.993413019037971e-7,8.992831600876906e-7,8.994091357817908e-7,2.1362965859012643e-10,1.7749051094610137e-10,2.5280213148216716e-10
