Name,Mean,MeanLB,MeanUB,Stddev,StddevLB,StddevUB
ffi,3.820581730800127e-5,3.820501885776822e-5,3.820673075177974e-5,2.9495736712281678e-9,2.3772100414867683e-9,4.011064426669669e-9
pure,1.850363664006397e-4,1.8502665851524326e-4,1.8504462501898095e-4,3.087694718819258e-8,2.513695127707056e-8,4.0397630592523955e-8
