Name,Mean,MeanLB,MeanUB,Stddev,StddevLB,StddevUB
twitter/aeson,2.7184990492283686e-4,2.7183794479005926e-4,2.71863218841899e-4,4.1602980131454754e-8,3.415773652860266e-8,5.287865573067026e-8
twitter/buffer-builder,3.1690137207913873e-4,3.166993340186595e-4,3.1707571660535117e-4,6.491263440534648e-7,5.339040224613098e-7,7.84644093270859e-7
twitter/json-builder,1.174597290030487e-3,1.173724011817851e-3,1.1755136354144515e-3,3.0922749541457024e-6,2.596954259328859e-6,3.7761867589878822e-6
json-bench/aeson,1.077577792425152e-3,1.0774791548301323e-3,1.0776643031441652e-3,3.20156866071096e-7,2.729202643568517e-7,4.126908977362425e-7
json-bench/buffer-builder,6.401348785166296e-4,6.396518924994246e-4,6.405808475860037e-4,1.553124348556741e-6,1.333552988949859e-6,1.8295324767293094e-6
json-bench/json-builder,2.8661681470072836e-3,2.863566048240856e-3,2.8697505046864874e-3,9.878898521145788e-6,7.502252666940916e-6,1.3771327129324735e-5
