Name,Mean,MeanLB,MeanUB,Stddev,StddevLB,StddevUB
ffi,3.874025117839217e-5,3.873796521503645e-5,3.8746067821889263e-5,1.1532057268346991e-8,6.181937443864218e-9,2.2317591131044772e-8
pure,1.980949635524437e-4,1.980818995647339e-4,1.9810661686047495e-4,4.382603731062412e-8,3.385979639770041e-8,5.5388338747769277e-8
