Name,Mean,MeanLB,MeanUB,Stddev,StddevLB,StddevUB
decode/UTCTime/whole,2.6425092221112937e-5,2.6418021157995268e-5,2.643207438867018e-5,2.334251198291438e-8,1.946099302107524e-8,2.996451229957735e-8
decode/UTCTime/fractional,2.8246422402804368e-5,2.8239927931503932e-5,2.825191094983045e-5,2.005119416423576e-8,1.649552740609149e-8,2.463450231832636e-8
decode/ZonedTime/whole,1.9603655405048777e-5,1.9600642602377243e-5,1.9606323993112624e-5,9.441498446330272e-9,7.98120244920172e-9,1.1870929974299108e-8
decode/ZonedTime/fractional,2.1237851266316708e-5,2.1234287356346038e-5,2.124143901085466e-5,1.1908811731989604e-8,9.976212816840826e-9,1.4818989619779952e-8
encode/UTCTime/whole,1.0416449285864451e-5,1.0414483655021114e-5,1.0418138050202379e-5,6.110920688233453e-9,4.652469519801855e-9,8.777523841363793e-9
encode/UTCTime/fractional,1.1529406749405063e-5,1.1526290483110748e-5,1.1533356080176849e-5,1.2440340549427531e-8,1.036897155027031e-8,1.455929547325371e-8
encode/ZonedTime/whole,1.158696757846738e-5,1.1585553522845828e-5,1.1588304632237001e-5,4.854503593908495e-9,3.959043495881574e-9,6.335032417474172e-9
encode/ZonedTime/fractional,1.2224596898653726e-5,1.2222705872948963e-5,1.2227346850741018e-5,7.494441367805296e-9,4.524444602071794e-9,1.3373742249792382e-8
