Name,Mean,MeanLB,MeanUB,Stddev,StddevLB,StddevUB
twitter/aeson,2.655349134363393e-4,2.65524453761913e-4,2.6554444892123595e-4,3.5181017816022004e-8,2.911118608298326e-8,4.4648685895916893e-8
twitter/buffer-builder,3.2288312057570214e-4,3.226733047593519e-4,3.230866418299531e-4,7.089765397315832e-7,5.971037417638505e-7,8.39059253901296e-7
twitter/json-builder,1.1340273033129073e-3,1.1330160855146534e-3,1.1349913573597897e-3,3.301211901724488e-6,2.7370441519631226e-6,4.075145450394498e-6
json-bench/aeson,1.0345006687527243e-3,1.0344093677363733e-3,1.0347207184312494e-3,4.4724199227555755e-7,2.409683118687392e-7,8.353804934204692e-7
json-bench/buffer-builder,6.462878263407487e-4,6.45756863508928e-4,6.467996562047697e-4,1.7140719013757549e-6,1.4738953928136836e-6,1.9395608472805885e-6
json-bench/json-builder,2.784647019170987e-3,2.782125935471075e-3,2.787182808144852e-3,8.344464119811922e-6,6.269748757142631e-6,1.0983486942789001e-5
