Name,Mean,MeanLB,MeanUB,Stddev,StddevLB,StddevUB
string/text,3.3530357476623753e-7,3.3509437503414015e-7,3.3551674035199704e-7,7.073301174854539e-10,6.058454306409207e-10,7.765203205438685e-10
string/string direct,6.328899656487284e-7,6.327683527828111e-7,6.330111774566074e-7,4.290668079627026e-10,3.900411691566598e-10,4.77988006808154e-10
string/string via text,8.697641080695752e-7,8.69685409169351e-7,8.698825134355325e-7,3.155902526557457e-10,2.3686836693124813e-10,4.790993732813238e-10
