Name,Mean,MeanLB,MeanUB,Stddev,StddevLB,StddevUB
string/text,3.3094581574923304e-7,3.308658193308355e-7,3.3101083383466786e-7,2.4139460619845807e-10,1.9688737456743114e-10,3.043428894749223e-10
string/string direct,5.917152747957633e-7,5.916459732873389e-7,5.917855690692504e-7,2.358438467947361e-10,1.8579774297162258e-10,3.392184056429606e-10
string/string via text,8.917022358903274e-7,8.916219209593259e-7,8.918264781019747e-7,3.334329118273857e-10,2.5995266714507697e-10,4.374665053271772e-10
